E_keV,photons_per_keV
1.0,22516902.340878297
1.0995555555555556,20469083.8175567
1.199111111111111,18761303.358893406
1.2986666666666666,17315359.192318115
1.3982222222222223,16075321.887353037
1.4977777777777779,15000132.271594
1.5973333333333333,14058967.404822176
1.696888888888889,13228237.807907287
1.7964444444444445,12489583.139101716
1.896,11828499.330967713
1.9955555555555555,11233376.668945964
2.095111111111111,10694812.12160087
2.1946666666666665,10205108.837360393
2.2942222222222224,9757905.954386815
2.393777777777778,9347900.786149994
2.493333333333333,8970637.563611943
2.592888888888889,8622344.84565
2.6924444444444444,8299809.000855271
2.792,8000274.757217504
2.8915555555555557,7721366.296111201
2.991111111111111,7461024.104035453
3.0906666666666665,7217454.029021819
3.1902222222222223,6989085.875658519
3.2897777777777777,6774539.518121584
3.389333333333333,6572596.985417661
3.488888888888889,6382179.325917734
3.5884444444444443,6202327.323026175
3.6879999999999997,6032185.3342699995
3.7875555555555556,5870987.67911659
3.887111111111111,5718047.118578859
3.9866666666666664,5572745.060953157
4.086222222222222,5434523.199304866
4.185777777777778,5302876.342330437
4.285333333333333,5177346.2445267765
4.384888888888889,5057516.276848399
4.484444444444444,4943006.807239389
4.584,4833471.183120471
4.6835555555555555,4728592.2262633955
4.783111111111111,4628079.165398884
4.882666666666666,4531664.944081732
4.982222222222222,4439103.85132391
5.081777777777778,4350169.430732915
5.181333333333333,4264652.630696456
5.280888888888889,4182360.163803939
5.380444444444445,4103113.0484038917
5.4799999999999995,4026745.3091351697
5.579555555555555,3953102.8165760525
5.679111111111111,3882042.248939967
5.778666666666666,3813430.161099371
5.878222222222222,3747142.1482136045
5.977777777777778,3683062.092931765
6.077333333333333,3621081.486587054
6.176888888888889,3561098.816034716
6.2764444444444445,3503019.008845037
6.3759999999999994,3446752.9304732145
6.475555555555555,3392216.9278124818
6.575111111111111,3339332.414214342
6.674666666666666,3288025.4916464314
6.774222222222222,3238226.6061675125
6.873777777777778,3189870.2333418042
6.973333333333333,3142894.5906006033
7.072888888888889,3097241.3738961034
7.172444444444444,3052855.516287131
7.271999999999999,3009684.96635502
7.371555555555555,2967680.48457494
7.471111111111111,2926795.4559678216
7.570666666666666,2886985.7175342375
7.670222222222222,2848209.3991272063
7.769777777777778,2810426.776558542
7.869333333333333,2773600.1358553916
7.9688888888888885,2737693.6476918394
8.068444444444445,2702673.2511167675
8.168,2668506.545784793
8.267555555555555,2635162.691973554
8.367111111111111,2602612.317738828
8.466666666666665,2570827.4326199633
8.566222222222223,2539781.3473627376
8.665777777777777,2509448.599175738
8.765333333333333,2479804.8820802993
8.864888888888888,2450826.9819536135
8.964444444444444,2422492.715900144
9.064,2394780.8756185654
9.163555555555556,2367671.1744603813
9.26311111111111,2341144.19790247
9.362666666666666,2315181.3571794545
9.462222222222222,2289764.84584319
9.561777777777777,2264877.5990360063
9.661333333333333,2240503.255281983
9.76088888888889,2216626.120616468
9.860444444444443,2193231.134888578
9.959999999999999,2170303.840084655
10.059555555555555,2147830.3505326607
10.15911111111111,2125797.32485849
10.258666666666667,2104191.939575188
10.358222222222222,2083001.8641952118
10.457777777777777,2062215.237764247
10.557333333333332,2041820.6467227351
10.656888888888888,2021807.1040082984
10.756444444444444,2002164.0293186551
10.856,1982881.230460543
10.955555555555556,1963948.885715551
11.05511111111111,1945357.5271587789
11.154666666666666,1927098.02487077
11.254222222222221,1909161.57198743
11.353777777777777,1891539.6705364764
11.453333333333333,1874224.118012571
11.552888888888889,1857206.9946465746
11.652444444444443,1840480.6513274158
11.751999999999999,1824037.6981378605
11.851555555555555,1807870.993468103
11.95111111111111,1791973.6336734681
12.050666666666666,1776338.9432447692
12.150222222222222,1760960.4654619137
12.249777777777776,1745831.9535032625
12.349333333333332,1730947.36198503
12.448888888888888,1716300.8389066462
12.548444444444444,1701886.7179795383
12.648,1687699.5113182026
12.747555555555556,1673733.902473765
12.84711111111111,1659984.73979145
12.946666666666665,1646447.0300745205
13.046222222222221,1633115.932538322
13.145777777777777,1619986.75303905
13.245333333333333,1607054.9385627855
13.344888888888889,1594316.071961209
13.444444444444443,1581765.8669212027
13.543999999999999,1569400.1631563138
13.643555555555555,1557214.9218087376
13.74311111111111,1545206.2210511526
13.842666666666666,1533370.2518783428
13.942222222222222,1521703.3140791198
14.041777777777778,1510201.8123796007
14.141333333333332,1498862.2527493944
14.240888888888888,1487681.2388627224
14.340444444444444,1476655.4687069508
14.44,1465781.7313314127
14.539555555555555,1455056.9037298013
14.639111111111111,1444477.9478497733
14.738666666666665,1434041.907723749
14.838222222222221,1423745.9067152124
14.937777777777777,1413587.1448751327
15.037333333333333,1403562.896403391
15.136888888888889,1393670.5072103897
15.236444444444444,1383907.392574254
15.335999999999999,1374271.0348892857
15.435555555555554,1364758.9815015495
15.53511111111111,1355368.8426276802
15.634666666666666,1346098.2893532054
15.734222222222222,1336945.0517068577
15.833777777777778,1327906.9168075365
15.933333333333332,1318981.727080737
16.032888888888888,1310167.37854143
16.132444444444445,1301461.8191405218
16.232,1292863.0471721645
16.331555555555553,1284369.1097393162
16.43111111111111,1275978.1012750887
16.530666666666665,1267688.1621175231
16.630222222222223,1259497.477135557
16.729777777777777,1251404.2744040538
16.82933333333333,1243406.8239258577
16.92888888888889,1235503.4363989404
17.028444444444442,1227692.4620267989
17.128,1219972.2893703328
17.227555555555554,1212341.344239539
17.327111111111112,1204798.0886234064
17.426666666666666,1197341.019656497
17.52622222222222,1189968.6686207429
17.625777777777778,1182679.5999810752
17.72533333333333,1175472.4104535533
17.82488888888889,1168345.728104716
17.924444444444443,1161298.2114809535
18.023999999999997,1154328.5487667304
18.123555555555555,1147435.4569705504
18.22311111111111,1140617.6811376086
18.322666666666667,1133873.993588108
18.42222222222222,1127203.1931802768
18.52177777777778,1120604.104597149
18.621333333333332,1114075.5776562297
18.720888888888886,1107616.4866411814
18.820444444444444,1101225.7296547242
18.919999999999998,1094902.227991968
19.019555555555556,1088644.9255334206
19.11911111111111,1082452.7881569648
19.218666666666664,1076324.8031681108
19.31822222222222,1070259.9787478617
19.417777777777776,1064257.3434175712
19.517333333333333,1058315.9455201712
19.616888888888887,1052434.8527172036
19.716444444444445,1046613.151501083
19.816,1040849.946722069
19.915555555555553,1035144.3611294198
20.01511111111111,1029495.5349262425
20.114666666666665,1023902.6253375656
20.214222222222222,1018364.806191167
20.313777777777776,1012881.2675107378
20.413333333333334,1007451.2151209428
20.512888888888888,1002073.8702639863
20.612444444444442,996748.4692272877
20.712,991474.2629818949
20.811555555555554,986250.5168312772
20.91111111111111,981076.510070149
21.010666666666665,975951.5356529937
21.11022222222222,970874.8998719684
21.209777777777777,965845.9220438764
21.30933333333333,960863.934205919
21.40888888888889,955928.2808199316
21.508444444444443,951038.3184848379
21.608,946193.415657048
21.707555555555555,941392.9523785571
21.80711111111111,936636.3200124854
21.906666666666666,931922.9209858332
22.00622222222222,927252.1685392181
22.105777777777778,922623.4864833722
22.205333333333332,918036.308962193
22.304888888888886,913490.0802221381
22.404444444444444,908984.254387767
22.503999999999998,904518.2952432447
22.603555555555555,900091.6760196148
22.70311111111111,895703.8791876727
22.802666666666667,891354.3962562628
22.90222222222222,887042.7275758381
23.001777777777775,882768.3821471204
23.101333333333333,878530.8774347065
23.200888888888887,874329.7391854778
23.300444444444445,870164.5012516581
23.4,866034.705418396
23.499555555555553,861939.9012357242
23.59911111111111,857879.6458547742
23.698666666666664,853853.5038681204
23.798222222222222,849861.0471541297
23.897777777777776,845901.854725203
23.997333333333334,841975.5125797918
24.096888888888888,838081.6135580877
24.19644444444444,834219.7572012699
24.296,830389.5496142145
24.395555555555553,826590.603331568
24.49511111111111,822822.5371870828
24.594666666666665,819084.9761861291
24.69422222222222,815377.5513812883
24.793777777777777,811699.8997509457
24.89333333333333,808051.664080796
24.99288888888889,804432.4928481788
25.092444444444443,800842.0401091718
25.192,797279.9653883548
25.291555555555554,793745.9335711851
25.39111111111111,790239.6147988971
25.490666666666666,786760.68436587
25.59022222222222,783308.8226193899
25.689777777777778,779883.7148617409
25.78933333333333,776485.0512545665
25.888888888888886,773112.5267254352
25.988444444444443,769765.8408765557
26.087999999999997,766444.6978955815
26.187555555555555,763148.8064684491
26.28711111111111,759877.8796941988
26.386666666666667,756631.6350017214
26.48622222222222,753409.7940683848
26.585777777777775,750212.082740487
26.685333333333332,747038.2309554905
26.784888888888887,743887.9726659923
26.884444444444444,740761.0457653794
26.983999999999998,737657.1920151354
27.083555555555556,734576.1569737446
27.18311111111111,731517.6899271635
27.282666666666664,728481.5438208109
27.38222222222222,725467.4751930436
27.481777777777776,722475.2441100776
27.581333333333333,719504.6141023182
27.680888888888887,716555.3521020645
27.78044444444444,713627.2283825538
27.88,710720.0164983106
27.979555555555553,707833.4932267712
28.07911111111111,704967.4385111474
28.178666666666665,702121.6354045045
28.278222222222222,699295.8700150176
28.377777777777776,696489.9314523827
28.47733333333333,693703.6117753497
28.576888888888888,690936.7059403539
28.676444444444442,688189.0117512167
28.776,685460.3298098897
28.875555555555554,682750.4634682199
28.975111111111108,680059.2187807064
29.074666666666666,677386.4044582299
29.17422222222222,674731.8318227296
29.273777777777777,672095.3147628022
29.37333333333333,669476.669690208
29.47288888888889,666875.7154972551
29.572444444444443,664292.2735150455
29.671999999999997,661726.1674725625
29.771555555555555,659177.2234565781
29.87111111111111,656645.2698723621
29.970666666666666,654130.1374051751
30.07022222222222,651631.6589825255
30.169777777777774,649149.6697371738
30.269333333333332,646684.0069708683
30.368888888888886,644234.5101187923
30.468444444444444,641801.0207147094
30.567999999999998,639383.3823567902
30.667555555555555,636981.4406741026
30.76711111111111,634595.0432937561
30.866666666666664,632224.0398086779
30.96622222222222,629868.2817460143
31.065777777777775,627527.6225361372
31.165333333333333,625201.9174822458
31.264888888888887,622891.0237305486
31.36444444444444,620594.800241013
31.464,618313.1077586717
31.563555555555553,616045.8087854703
31.66311111111111,613792.7675526467
31.762666666666664,611553.8499936302
31.862222222222222,609328.9237174487
31.961777777777776,607117.8579826324
32.06133333333333,604920.5236716036
32.16088888888889,602736.7932655433
32.260444444444445,600566.5408197226
32.36,598409.6419392872
32.45955555555555,596265.9737554924
32.55911111111111,594135.414902369
32.65866666666666,592017.84549382
32.758222222222216,589913.1471011314
32.85777777777778,587821.2027308956
32.95733333333333,585741.8968033313
33.056888888888885,583675.1151309978
33.156444444444446,581620.7448978911
33.256,579578.6746389169
33.355555555555554,577548.7942197297
33.45511111111111,575530.9948169334
33.55466666666666,573525.1688986326
33.654222222222224,571531.2102053311
33.75377777777778,569549.013731167
33.85333333333333,567578.4757054789
33.952888888888886,565619.4935746978
34.05244444444444,563671.9659845541
34.152,561735.7927625999
34.251555555555555,559810.8749010304
34.35111111111111,557897.1145398103
34.45066666666666,555994.4149500872
34.55022222222222,554102.680517896
34.64977777777778,552221.8167281407
34.74933333333333,550351.7301488556
34.84888888888889,548492.3284157319
34.94844444444444,546643.5202169121
35.047999999999995,544805.2152780415
35.147555555555556,542977.3243475748
35.24711111111111,541159.7591823321
35.346666666666664,539352.4325332976
35.44622222222222,537555.2581316583
35.54577777777778,535768.150675078
35.64533333333333,533991.0258142006
35.74488888888889,532223.8001393784
35.84444444444444,530466.3911676226
35.943999999999996,528718.7173297709
36.04355555555556,526980.6979578659
36.14311111111111,525252.2532727445
36.242666666666665,523533.3043718301
36.34222222222222,521823.77321712574
36.44177777777777,520123.58262340544
36.541333333333334,518432.6562465958
36.64088888888889,516750.9185723507
36.74044444444444,515078.294904808
36.839999999999996,513414.71135553124
36.93955555555555,511760.09483262873
37.03911111111111,510114.373030049
37.138666666666666,508477.4744170478
37.23822222222222,506849.328227824
37.337777777777774,505229.86445132236
37.43733333333333,503619.0138211971
37.53688888888889,502016.70780593704
37.63644444444444,500422.8785991469
37.736,498837.4591099814
37.83555555555555,497260.382953732
37.93511111111111,495691.5844425606
38.034666666666666,494130.9985763799
38.13422222222222,492578.5610338753
38.233777777777775,491034.2081636678
38.33333333333333,489497.8769756152
38.43288888888889,487969.50513224694
38.532444444444444,486449.0309403336
38.632,484936.39334258495
38.73155555555555,483431.5319094771
38.831111111111106,481934.38683120545
38.93066666666667,480444.8989097602
39.03022222222222,478963.00955112453
39.129777777777775,477488.66075759043
39.22933333333333,476021.7951201924
39.32888888888888,474562.3558112558
39.428444444444445,473110.2865770583
39.528,471665.53173060186
39.62755555555555,470228.0361444942
39.72711111111111,468797.7452439366
39.82666666666667,467374.6049998173
39.92622222222222,465958.56192190875
40.025777777777776,464549.5630521651
40.12533333333333,463147.55595812004
40.224888888888884,461752.4887263842
40.324444444444445,460364.3099562354
40.424,458982.9687533078
40.523555555555554,457608.41472337063
40.62311111111111,456240.5979661999
40.72266666666666,454879.4690695406
40.82222222222222,453524.9791031556
40.92177777777778,452177.07961296313
41.02133333333333,450835.7226152581
41.120888888888885,449500.8605910185
41.22044444444444,448172.44648029393
41.32,446850.4336766748
41.419555555555554,445534.7760218424
41.51911111111111,444225.427800196
41.61866666666666,442922.34373355785
41.71822222222222,441625.4789759546
41.81777777777778,440334.7891084713
41.91733333333333,439050.23013418156
42.016888888888886,437771.75847314636
42.11644444444444,436499.33095748763
42.216,435232.9048265276
42.315555555555555,433972.43772200047
42.41511111111111,432717.88768332876
42.51466666666666,431469.2131429668
42.61422222222222,430226.3729218106
42.71377777777778,428989.3262246703
42.81333333333333,427758.03263580694
42.91288888888889,426532.45211453084
43.01244444444444,425312.54499086086
43.111999999999995,424098.2719612447
43.211555555555556,422889.5940843372
43.31111111111111,421686.4727768383
43.410666666666664,420488.86980938644
43.51022222222222,419296.74730251014
43.60977777777777,418110.06772263366
43.70933333333333,416928.79387813807
43.80888888888889,415752.88891547633
43.90844444444444,414582.3163153392
44.007999999999996,413417.0398888762
44.10755555555555,412257.0237739653
44.20711111111111,411102.23243153415
44.306666666666665,409952.630641931
44.40622222222222,408808.1835013435
44.50577777777777,407668.85641826637
44.605333333333334,406534.6151100164
44.70488888888889,405405.4255992941
44.80444444444444,404281.25421078975
44.903999999999996,403162.06756783696
45.00355555555555,402047.8325891087
45.10311111111111,400938.51648535783
45.202666666666666,399834.0867562012
45.30222222222222,398734.5111869452
45.401777777777774,397639.75784545345
45.50133333333333,396549.7950790558
45.60088888888889,395464.5915114977
45.70044444444444,394384.11603992974
45.8,393308.33783193526
45.89955555555555,392237.22632259876
45.999111111111105,391170.75121160963
46.09866666666667,390108.88246040663
46.19822222222222,389051.59028935625
46.297777777777775,387998.84517496923
46.39733333333333,386950.61784715275
46.49688888888889,385906.87928649737
46.596444444444444,384867.60072159924
46.696,383832.75362641603
46.79555555555555,382802.30971765745
46.895111111111106,381776.240952208
46.99466666666667,380754.5195245833
47.09422222222222,379737.11786441854
47.193777777777775,378724.0086339879
47.29333333333333,377715.1647257566
47.39288888888888,376710.55925996293
47.492444444444445,375710.1655822306
47.592,374713.9572612122
47.69155555555555,373721.90808626026
47.79111111111111,372733.9920651295
47.89066666666666,371750.18342170585
47.99022222222222,370770.45659376547
48.089777777777776,369794.78623076034
48.18933333333333,368823.14719163167
48.288888888888884,367855.5145426505
48.38844444444444,366891.86355528503
48.488,365932.1697040937
48.587555555555554,364976.40866464516
48.68711111111111,364024.5563114624
48.78666666666666,363076.5887159933
48.88622222222222,362132.4821446052
48.98577777777778,361192.21305660444
49.08533333333333,360255.75810227945
49.184888888888885,359323.0941209683
49.28444444444444,358394.1981391487
49.384,357469.0473685522
49.483555555555554,356547.6192043008
49.58311111111111,355629.8912230648
49.68266666666666,354715.8411812453
49.78222222222222,353805.44701317564
49.88177777777778,352898.68682934693
49.98133333333333,351995.53891465295
50.080888888888886,351095.981726657
50.18044444444444,350199.99389387894
50.279999999999994,349307.5542141025
50.379555555555555,348418.6416527033
50.47911111111111,347533.23534099606
50.57866666666666,346651.3145746013
50.67822222222222,345772.8588118315
50.77777777777777,344897.8476720965
50.87733333333333,344026.2609343269
50.97688888888889,343158.07853541704
51.07644444444444,342293.28056868474
51.175999999999995,341431.84728235035
51.275555555555556,340573.7590780326
51.37511111111111,339718.99650926306
51.474666666666664,338867.5402800158
51.57422222222222,338019.3712432567
51.67377777777777,337174.4703995073
51.77333333333333,336332.8188954265
51.87288888888889,335494.39802240825
51.97244444444444,334659.1892151951
52.071999999999996,333827.17405050783
52.17155555555555,332998.33424569137
52.27111111111111,332172.65165737475
52.370666666666665,331350.10828014807
52.47022222222222,330530.6862452531
52.56977777777777,329714.3678192896
52.66933333333333,328901.135402936
52.76888888888889,328090.9715296846
52.86844444444444,327283.8588645911
52.967999999999996,326479.78020303836
53.06755555555555,325678.71846951323
53.16711111111111,324880.6567163989
53.266666666666666,324085.57812277897
53.36622222222222,323293.46599325567
53.465777777777774,322504.3037567816
53.56533333333333,321718.07496550365
53.66488888888889,320934.76329362084
53.76444444444444,320154.3525362542
53.864,319376.82660832873
53.96355555555555,318602.169543469
54.063111111111105,317830.3654929057
54.16266666666667,317061.3987243953
54.26222222222222,316295.2536211506
54.361777777777775,315531.9146807839
54.46133333333333,314771.3665142611
54.56088888888888,314013.5938448677
54.660444444444444,313258.58150718594
54.76,312506.31444608304
54.85955555555555,311756.7777157105
54.959111111111106,311009.9564785144
55.05866666666666,310265.8360042561
55.15822222222222,309524.40166904405
55.257777777777775,308785.6389543754
55.35733333333333,308049.53344618896
55.456888888888884,307316.07083392696
55.556444444444445,306585.2369096083
55.656,305857.0175669109
55.75555555555555,305131.3988002639
55.85511111111111,304408.3667039501
55.95466666666666,303687.90747121756
56.05422222222222,302970.00739340053
56.153777777777776,302254.6528590505
56.25333333333333,301541.83035307506
56.352888888888884,300831.52645588777
56.45244444444444,300123.72784256533
56.552,299418.42128201446
56.651555555555554,298715.5936361477
56.75111111111111,298015.23185906745
56.85066666666666,297317.3229962588
56.950222222222216,296621.8541837907
57.04977777777778,295928.8126475257
57.14933333333333,295238.18570233777
57.248888888888885,294549.9607513387
57.34844444444444,293864.1252851113
57.44799999999999,293180.66688095266
57.547555555555554,292499.573202123
57.64711111111111,291820.8319971043
57.74666666666666,291144.43109886505
57.84622222222222,290470.35842413345
57.94577777777778,3089798.601972678
58.04533333333333,289129.14982659457
58.144888888888886,288461.9901496035
58.24444444444444,287797.1111863498
58.343999999999994,287134.5012617142
58.443555555555555,286474.1487801289
58.54311111111111,285816.0422249018
58.64266666666666,285160.1701575466
58.74222222222222,284506.52121712005
58.84177777777777,283855.0841195664
58.94133333333333,283205.8476570677
59.04088888888889,282558.8006974008
59.14044444444444,281913.9321833019
59.239999999999995,281271.2311318356
59.33955555555555,5780630.686633772
59.43911111111111,279992.28785297077
59.538666666666664,279356.02402576647
59.63822222222222,278721.8844603674
59.73777777777777,278089.85853625456
59.83733333333333,277459.9357035897
59.93688888888889,276832.10548262775
60.03644444444444,276206.357463136
60.135999999999996,275582.6813038184
60.23555555555555,274961.06673174637
60.33511111111111,274341.50354179397
60.434666666666665,273723.9815960804
60.53422222222222,273108.49082341633
60.63377777777777,272495.02121875645
60.73333333333333,271883.56284265785
60.83288888888889,271274.10582074255
60.93244444444444,270666.64034316636
61.032,270061.15666409285
61.13155555555555,269457.64510117105
61.231111111111105,268856.0960350207
61.330666666666666,268256.4999087201
61.43022222222222,267658.84722730063
61.529777777777774,267063.12855724536
61.62933333333333,266469.33452599257
61.72888888888888,265877.45582144434
61.82844444444444,265287.48319147987
61.928,264699.40744347306
62.02755555555555,264113.21944381547
62.127111111111105,263528.91011744307
62.22666666666667,262946.47044736816
62.32622222222222,262365.89147421555
62.425777777777775,261787.16429576284
62.52533333333333,261210.280066486
62.62488888888888,260635.22999710802
62.724444444444444,260062.0053541531
62.824,259490.59745950406
62.92355555555555,258920.99768996504
63.023111111111106,258353.19747682678
63.12266666666666,257787.18830543786
63.22222222222222,257222.9617147784
63.321777777777775,256660.50929703913
63.42133333333333,256099.82269720302
63.520888888888884,255540.89361263203
63.62044444444444,254983.7137926573
63.72,254428.27503817287
63.81955555555555,253874.5692012338
63.91911111111111,253322.58818465762
64.01866666666666,252772.32394162958
64.11822222222222,252223.7684753118
64.21777777777777,251676.91383845563
64.31733333333332,251131.75213301808
64.41688888888888,250588.2755097814
64.51644444444443,250046.47616797665
64.616,249506.34635490994
64.71555555555555,248967.87836559338
64.81511111111111,248431.0645423782
64.91466666666666,247895.8972745916
65.01422222222222,247362.3689981777
65.11377777777777,246830.47219534044
65.21333333333332,246300.1993941912
65.31288888888889,245771.54316839817
65.41244444444445,245244.4961368405
65.512,244719.05096326396
65.61155555555555,244195.20035594105
65.71111111111111,243672.9370673336
65.81066666666666,243152.25389375852
65.91022222222222,242633.14367505643
66.00977777777777,242115.59929426378
66.10933333333332,241599.6136772872
66.20888888888888,241085.17979258165
66.30844444444445,240572.2906508305
66.408,240060.93930462946
66.50755555555556,239551.11884817263
66.60711111111111,239042.82241694158
66.70666666666666,238536.04318739753
66.80622222222222,238030.77437667554
66.90577777777777,237527.0092422826
67.00533333333333,237024.74108179685
67.10488888888888,236523.9632325711
67.20444444444443,1936024.669071438
67.304,235526.85201441692
67.40355555555556,235030.50551642737
67.50311111111111,234535.62307099896
67.60266666666666,234042.19820998903
67.70222222222222,233550.22450330015
67.80177777777777,233059.69555860112
67.90133333333333,232570.60502104985
68.00088888888888,232082.94657301914
68.10044444444443,231596.71393382453
68.2,231111.90085945465
68.29955555555556,230628.50114230404
68.39911111111111,230146.50861090823
68.49866666666667,229665.91712968092
68.59822222222222,229186.72059865372
68.69777777777777,228708.9129532181
68.79733333333333,228232.48816386974
68.89688888888888,227757.44023595433
68.99644444444444,227283.76320941688
69.09599999999999,226811.45115855182
69.19555555555556,226340.49819175625
69.29511111111111,225870.898451285
69.39466666666667,225402.64611300762
69.49422222222222,224935.73538616736
69.59377777777777,224470.16051314306
69.69333333333333,224005.91576921206
69.79288888888888,223542.9954623156
69.89244444444444,223081.39393282626
69.99199999999999,222621.10555331732
70.09155555555556,222162.12472833393
70.19111111111111,221704.44589416668
70.29066666666667,221248.06351862662
70.39022222222222,220792.97210082202
70.48977777777777,220339.1661709381
70.58933333333333,219886.64029001698
70.68888888888888,219435.3890497414
70.78844444444444,218985.40707221822
70.88799999999999,218536.6890097657
70.98755555555555,218089.22954470097
71.08711111111111,217643.02338913034
71.18666666666667,217198.06528474102
71.28622222222222,216754.35000259418
71.38577777777778,216311.87234292057
71.48533333333333,215870.62713491707
71.58488888888888,215430.6092365456
71.68444444444444,214991.8135343331
71.78399999999999,214554.23494317333
71.88355555555555,214117.86840613108
71.98311111111111,213682.70889424646
72.08266666666667,213248.75140634243
72.18222222222222,212815.99096883312
72.28177777777778,212384.42263553324
72.38133333333333,211954.04148747027
72.48088888888888,211524.84263269734
72.58044444444444,211096.821206108
72.67999999999999,210669.9723692521
72.77955555555555,210244.29131015379
72.8791111111111,209819.77324313045
72.97866666666667,209396.41340861353
73.07822222222222,208974.20707297072
73.17777777777778,208553.14952832917
73.27733333333333,208133.23609240103
73.37688888888889,207714.4621083093
73.47644444444444,207296.82294441614
73.576,206880.31399415203
73.67555555555555,206464.93067584615
73.7751111111111,206050.66843255862
73.87466666666666,205637.5227319139
73.97422222222222,205225.48906593514
74.07377777777778,204814.5629508808
74.17333333333333,204404.73992708142
74.27288888888889,203996.0155587787
74.37244444444444,203588.38543396516
74.472,203181.84516422573
74.57155555555555,202776.39038457978
74.6711111111111,202372.01675332562
74.77066666666666,201968.7199518846
74.87022222222222,201566.49568464822
74.96977777777778,201165.3396788252
75.06933333333333,200765.24768429014
75.16888888888889,200366.21547343367
75.26844444444444,199968.23884101326
75.368,199571.31360400573
75.46755555555555,199175.43560146054
75.5671111111111,198780.60069435457
75.66666666666666,198386.8047654476
75.76622222222221,197994.04371913942
75.86577777777778,197602.31348132773
75.96533333333333,197211.6099992676
76.06488888888889,196821.92924143086
76.16444444444444,196433.2671973686
76.264,196045.6198775725
76.36355555555555,195658.98331333912
76.4631111111111,195273.35355663396
76.56266666666666,194888.7266799574
76.66222222222221,194505.09877621115
76.76177777777778,194122.46595856608
76.86133333333333,193740.82436033088
76.96088888888889,193360.17013482188
77.06044444444444,192980.4994552337
77.16,192601.8085145111
77.25955555555555,192224.09352522172
77.3591111111111,191847.3507194298
77.45866666666666,191471.57634857093
77.55822222222221,191096.7666833276
77.65777777777777,190722.9180135059
77.75733333333334,190350.02664791312
77.85688888888889,189978.0889142365
77.95644444444444,189607.101158922
78.056,189237.0597470555
78.15555555555555,188867.96106224332
78.2551111111111,188499.80150649507
78.35466666666666,188132.57750010624
78.45422222222221,187766.28548154258
78.55377777777777,187400.92190732452
78.65333333333334,187036.48325191328
78.75288888888889,186672.9660075974
78.85244444444444,186310.36668438005
78.952,185948.68180986738
79.05155555555555,185587.9079291578
79.1511111111111,185228.0416047319
79.25066666666666,184869.07941634324
79.35022222222221,184511.01796091
79.44977777777777,184153.85385240754
79.54933333333332,183797.58372176148
79.64888888888889,183442.20421674187
79.74844444444444,183087.71200185825
79.848,182734.10375825487
79.94755555555555,182381.37618360747
80.04711111111111,182029.52599202027
80.14666666666666,181678.54991392407
80.24622222222222,181328.44469597485
80.34577777777777,180979.2071009535
80.44533333333332,180630.8339076656
80.54488888888888,180283.3219108429
80.64444444444445,179936.6679210445
80.744,179590.86876455988
80.84355555555555,179245.92128331136
80.94311111111111,178901.82233475853
81.04266666666666,178558.5687918025
81.14222222222222,178216.15754269125
81.24177777777777,177874.58549092567
81.34133333333332,177533.8495551661
81.44088888888888,177193.94666913978
81.54044444444445,176854.87378154873
81.64,176516.62785597882
81.73955555555555,176179.20587080842
81.83911111111111,175842.60481911933
81.93866666666666,175506.8217086065
82.03822222222222,175171.85356149025
82.13777777777777,174837.69741442756
82.23733333333332,174504.3503184252
82.33688888888888,174171.80933875244
82.43644444444443,173840.07155485562
82.536,173509.1340602718
82.63555555555556,173178.99396254483
82.73511111111111,172849.64838314021
82.83466666666666,172521.09445736196
82.93422222222222,172193.32933426937
83.03377777777777,171866.35017659454
83.13333333333333,171540.15416066063
83.23288888888888,171214.7384763005
83.33244444444443,170890.10032677586
83.432,170566.23692869738
83.53155555555556,170243.14551194524
83.63111111111111,169920.82331958963
83.73066666666666,169599.26760781292
83.83022222222222,169278.47564583138
83.92977777777777,168958.44471581824
84.02933333333333,168639.17211282655
84.12888888888888,168320.65514471338
84.22844444444443,168002.89113206367
84.32799999999999,167685.87740811563
84.42755555555556,167369.61131868558
84.52711111111111,167054.09022209456
84.62666666666667,166739.31148909405
84.72622222222222,166425.2725027934
84.82577777777777,166111.97065858723
84.92533333333333,165799.4033640833
85.02488888888888,165487.56803903112
85.12444444444444,165176.46211525094
85.22399999999999,164866.08303656316
85.32355555555556,164556.4282587184
85.42311111111111,164247.49524932817
85.52266666666667,163939.28148779526
85.62222222222222,163631.78446524587
85.72177777777777,163325.00168446102
85.82133333333333,163018.93065980932
85.92088888888888,162713.5689171795
86.02044444444444,162408.91399391415
86.11999999999999,162104.96343874297
86.21955555555554,161801.71481171765
86.31911111111111,161499.165684146
86.41866666666667,161197.31363852762
86.51822222222222,160896.15626848917
86.61777777777777,160595.69117872047
86.71733333333333,160295.91598491115
86.81688888888888,159996.82831368744
86.91644444444444,159698.42580254958
87.01599999999999,159400.7060998096
87.11555555555555,159103.6668645296
87.2151111111111,158807.30576646028
87.31466666666667,158511.62048598012
87.41422222222222,158216.60871403484
87.51377777777778,157922.26815207727
87.61333333333333,157628.59651200753
87.71288888888888,157335.59151611407
87.81244444444444,157043.2508970143
87.91199999999999,156751.5723975967
88.01155555555555,156460.55377096208
88.1111111111111,156170.19278036655
88.21066666666667,155880.4871991635
88.31022222222222,155591.43481074748
88.40977777777778,155303.0334084969
88.50933333333333,155015.28079571843
88.60888888888888,154728.17478559096
88.70844444444444,154441.7132011102
88.80799999999999,154155.89387503386
88.90755555555555,153870.71464982672
89.0071111111111,153586.17337760658
89.10666666666665,153302.26792009018
89.20622222222222,153018.9961485397
89.30577777777778,152736.35594370958
89.40533333333333,152454.34519579366
89.50488888888889,152172.9618043725
89.60444444444444,151892.2036783616
89.704,151612.06873595927
89.80355555555555,151332.5549045954
89.9031111111111,151053.66012088
90.00266666666666,150775.38233055305
90.10222222222222,150497.71948843333
90.20177777777778,150220.66955836897
90.30133333333333,149944.23051318713
90.40088888888889,149668.40033464498
90.50044444444444,149393.17701338034
90.6,149118.5585488629
90.69955555555555,148844.54294934595
90.7991111111111,148571.12823181797
90.89866666666666,148298.31242195494
90.99822222222221,148026.0935540728
91.09777777777778,147754.46967108024
91.19733333333333,147483.43882443165
91.29688888888889,147212.99907408093
91.39644444444444,146943.1484884346
91.496,146673.8851443065
91.59555555555555,146405.20712687133
91.6951111111111,146137.11252962012
91.79466666666666,145869.59945431427
91.89422222222221,145602.66601094152
91.99377777777778,145336.31031767078
92.09333333333333,145070.53050080847
92.19288888888889,144805.3246947542
92.29244444444444,144540.6910419573
92.392,144276.62769287333
92.49155555555555,144013.1328059211
92.5911111111111,143750.20454743982
92.69066666666666,143487.84109164658
92.79022222222221,143226.04062059402
92.88977777777777,142964.8013241285
92.98933333333333,142704.1213998481
93.08888888888889,142443.99905306153
93.18844444444444,142184.4324967467
93.288,141925.4199515097
93.38755555555555,141666.95964554456
93.4871111111111,141409.04981459226
93.58666666666666,141151.68870190132
93.68622222222221,140894.874558187
93.78577777777777,140638.60564159267
93.88533333333332,140382.8802176495
93.98488888888889,140127.69655923807
94.08444444444444,139873.052946549
94.184,139618.94766704456
94.28355555555555,139365.37901542019
94.3831111111111,139112.3452935663
94.48266666666666,138859.84481053057
94.58222222222221,138607.87588248
94.68177777777777,138356.43683266378
94.78133333333332,138105.5259913758
94.88088888888889,137855.14169591785
94.98044444444444,137605.28229056296
95.08,137355.94612651886
95.17955555555555,137107.1315618914
95.2791111111111,136858.83696164915
95.37866666666666,136611.0606975869
95.47822222222221,136363.80114829057
95.57777777777777,136117.05669910152
95.67733333333332,135870.8257420818
95.77688888888888,135625.10667597858
95.87644444444445,135379.89790619013
95.976,135135.19784473095
96.07555555555555,134891.00491019752
96.17511111111111,134647.3175277342
96.27466666666666,134404.1341289996
96.37422222222222,134161.45315213272
96.47377777777777,133919.27304171948
96.57333333333332,133677.59224875976
96.67288888888888,133436.40923063402
96.77244444444445,133195.72245107076
96.872,132955.5303801138
96.97155555555555,132715.83149408986
97.07111111111111,132476.62427557627
97.17066666666666,132237.90721336906
97.27022222222222,131999.67880245118
97.36977777777777,131761.9375439606
97.46933333333332,131524.6819451593
97.56888888888888,131287.91051940157
97.66844444444443,131051.62178610331
97.768,130815.81427071101
97.86755555555555,130580.48650467109
97.96711111111111,130345.63702539947
98.06666666666666,130111.26437625122
98.16622222222222,129877.36710649036
98.26577777777777,129643.94377126014
98.36533333333333,129410.9929315531
98.46488888888888,129178.5131541816
98.56444444444443,128946.50301174841
98.664,128714.96108261734
98.76355555555556,128483.88595088462
98.86311111111111,128253.27620634953
98.96266666666666,128023.13044448601
99.06222222222222,127793.44726641412
99.16177777777777,127564.22527887166
99.26133333333333,127335.4630941859
99.36088888888888,127107.1593302458
99.46044444444443,126879.31261047402
99.55999999999999,126651.92156379919
99.65955555555556,126424.98482462863
99.75911111111111,126198.50103282083
99.85866666666666,125972.46883365833
99.95822222222222,125746.8868778207
100.05777777777777,125521.75382135774
100.15733333333333,125297.06832566268
100.25688888888888,125072.8290574458
100.35644444444443,124849.03468870795
100.45599999999999,124625.68389671434
100.55555555555554,124402.7753639685
100.65511111111111,124180.30777818641
100.75466666666667,123958.27983227074
100.85422222222222,123736.69022428515
100.95377777777777,123515.53765742897
101.05333333333333,123294.82084001179
101.15288888888888,123074.53848542843
101.25244444444444,122854.68931213391
101.35199999999999,122635.2720436185
101.45155555555554,122416.28540838308
101.55111111111111,122197.72813991462
101.65066666666667,121979.59897666173
101.75022222222222,121761.89666201036
101.84977777777777,121544.61994425974
101.94933333333333,121327.76757659829
102.04888888888888,121111.33831707982
102.14844444444444,120895.33092859985
102.24799999999999,120679.74417887203
102.34755555555554,120464.57684040467
102.4471111111111,120249.82769047741
102.54666666666667,120035.4955111182
102.64622222222222,119821.57908908019
102.74577777777777,119608.07721581876
102.84533333333333,119394.98868746887
102.94488888888888,119182.31230482241
103.04444444444444,118970.04687330566
103.14399999999999,118758.19120295698
103.24355555555555,118546.74410840456
103.3431111111111,118335.70440884426
103.44266666666667,118125.07092801765
103.54222222222222,117914.84249419034
103.64177777777778,117705.01794012987
103.74133333333333,117495.59610308445
103.84088888888888,117286.57582476133
103.94044444444444,117077.95595130548
104.03999999999999,116869.73533327838
104.13955555555555,116661.91282563678
104.2391111111111,116454.4872877119
104.33866666666665,116247.45758318852
104.43822222222222,116040.822580084
104.53777777777778,115834.581150728
104.63733333333333,115628.73217174181
104.73688888888888,115423.27452401778
104.83644444444444,115218.20709269933
104.93599999999999,115013.52876716063
105.03555555555555,114809.23844098653
105.1351111111111,114605.33501195275
105.23466666666666,114401.81738200589
105.33422222222222,114198.68445724387
105.43377777777778,113995.93514789623
105.53333333333333,113793.56836830472
105.63288888888889,113591.58303690382
105.73244444444444,113389.97807620156
105.832,113188.75241276035
105.93155555555555,112987.9049771779
106.0311111111111,112787.43470406828
106.13066666666666,112587.34053204306
106.23022222222221,112387.62140369267
106.32977777777778,112188.27626556763
106.42933333333333,111989.3040681602
106.52888888888889,111790.70376588583
106.62844444444444,111592.47431706484
106.728,111394.61468390434
106.82755555555555,111197.12383247993
106.9271111111111,111000.00073271786
107.02666666666666,110803.2443583771
107.12622222222221,110606.85368703134
107.22577777777776,110410.82770005151
107.32533333333333,110215.16538258812
107.42488888888889,110019.86572355368
107.52444444444444,109824.9277156053
107.624,109630.35035512736
107.72355555555555,109436.13264221438
107.8231111111111,109242.27358065374
107.92266666666666,109048.77217790879
108.02222222222221,108855.62744510184
108.12177777777777,108662.83839699731
108.22133333333333,108470.404051985
108.32088888888889,108278.32343206342
108.42044444444444,108086.59556282326
108.52,107895.21947343083
108.61955555555555,107704.19419661174
108.7191111111111,107513.51876863457
108.81866666666666,107323.19222929471
108.91822222222221,107133.21362189818
109.01777777777777,106943.58199324562
109.11733333333332,106754.29639361643
109.21688888888889,106565.35587675273
109.31644444444444,106376.75949984381
109.416,106188.5063235103
109.51555555555555,106000.5954117886
109.6151111111111,105813.0258321154
109.71466666666666,105625.79665531224
109.81422222222221,105438.90695557019
109.91377777777777,105252.35581043451
110.01333333333332,105066.14230078955
110.11288888888889,104880.26551084364
110.21244444444444,104694.72452811408
110.312,104509.5184434122
110.41155555555555,104324.6463508285
110.5111111111111,104140.10734771786
110.61066666666666,103955.90053468489
110.71022222222221,103772.0250155693
110.80977777777777,103588.47989743146
110.90933333333332,103405.26429053773
111.00888888888888,103222.3773083463
111.10844444444444,103039.8180674927
111.208,102857.58568777583
111.30755555555555,102675.67929214356
111.4071111111111,102494.09800667875
111.50666666666666,102312.84096058535
111.60622222222221,102131.90728617432
111.70577777777777,101951.29611884992
111.80533333333332,101771.00659709585
111.90488888888888,101591.03786246157
112.00444444444445,101411.3890595487
112.104,101232.05933599747
112.20355555555555,101053.04784247323
112.30311111111111,100874.35373265303
112.40266666666666,100695.97616321224
112.50222222222222,100517.9142938114
112.60177777777777,100340.1672870829
112.70133333333332,100162.73430861795
112.80088888888888,99985.61452695346
112.90044444444443,99808.80711355912
113.0,99632.3112428243
113.09955555555555,99456.12609204557
113.19911111111111,99280.25084141346
113.29866666666666,99104.68467400008
113.39822222222222,98929.42677574632
113.49777777777777,98754.47633544932
113.59733333333332,98579.83254474994
113.69688888888888,98405.49459812029
113.79644444444443,98231.46169285142
113.89599999999999,98057.73302904086
113.99555555555555,97884.30780958048
114.09511111111111,97711.18524014436
114.19466666666666,97538.36452917647
114.29422222222222,97365.84488787872
114.39377777777777,97193.62553019896
114.49333333333333,97021.70567281904
114.59288888888888,96850.0845351429
114.69244444444443,96678.7613392848
114.79199999999999,96507.73531005753
114.89155555555556,96337.00567496072
114.99111111111111,96166.57166416929
115.09066666666666,95996.4325105217
115.19022222222222,95826.58744950869
115.28977777777777,95657.03571926155
115.38933333333333,95487.77656054097
115.48888888888888,95318.80921672552
115.58844444444443,95150.13293380057
115.68799999999999,94981.74696034688
115.78755555555554,94813.65054752957
115.88711111111111,94645.8429490869
115.98666666666666,94478.32342131945
116.08622222222222,94311.09122307885
116.18577777777777,94144.14561575706
116.28533333333333,93977.4858632754
116.38488888888888,93811.11123207374
116.48444444444443,93645.0209910998
116.58399999999999,93479.21441179834
116.68355555555554,93313.69076810058
116.78311111111111,93148.44933641359
116.88266666666667,92983.48939560975
116.98222222222222,92818.81022701626
117.08177777777777,92654.41111440465
117.18133333333333,92490.29134398045
117.28088888888888,92326.45020437287
117.38044444444444,92162.88698662448
117.47999999999999,91999.600984181
117.57955555555554,91836.59149288117
117.6791111111111,91673.85781094656
117.77866666666667,91511.39923897151
117.87822222222222,91349.21507991316
117.97777777777777,91187.30463908144
118.07733333333333,91025.66722412917
118.17688888888888,90864.30214504214
118.27644444444444,90703.20871412936
118.37599999999999,90542.3862460133
118.47555555555554,90381.83405762006
118.5751111111111,90221.55146816984
118.67466666666667,90061.53779916717
118.77422222222222,89901.79237439153
118.87377777777778,89742.31451988762
118.97333333333333,89583.10356395603
119.07288888888888,89424.15883714367
119.17244444444444,89265.47967223456
119.27199999999999,89107.06540424036
119.37155555555555,88948.91537039114
119.4711111111111,88791.0289101261
119.57066666666665,88633.40536508441
119.67022222222222,88476.04407909603
119.76977777777778,88318.94439817264
119.86933333333333,88162.10567049855
119.96888888888888,88005.52724642168
120.06844444444444,87849.2084784446
120.16799999999999,87693.14872121566
120.26755555555555,87537.34733151998
120.3671111111111,87381.80366827075
120.46666666666665,87226.51709250033
120.56622222222221,87071.48696735161
120.66577777777778,86916.71265806914
120.76533333333333,86762.19353199069
120.86488888888888,86607.92895853845
120.96444444444444,86453.9183092105
121.064,86300.16095757228
121.16355555555555,86146.65627924813
121.2631111111111,85993.4036519128
121.36266666666666,85840.40245528301
121.46222222222221,85687.6520711092
121.56177777777778,85535.15188316704
121.66133333333333,85382.90127724932
121.76088888888889,85230.8996411575
121.86044444444444,85079.14636469373
121.96,84927.6408396525
122.05955555555555,84776.38245981255
122.1591111111111,84625.37062092892
122.25866666666666,84474.60472072475
122.35822222222221,84324.08415888331
122.45777777777776,84173.80833704007
122.55733333333333,84023.77665877472
122.65688888888889,83873.9885296034
122.75644444444444,83724.44335697066
122.856,83575.14055024178
122.95555555555555,83426.07952069494
123.0551111111111,83277.25968151353
123.15466666666666,83128.6804477784
123.25422222222221,82980.34123646023
123.35377777777776,82832.24146641186
123.45333333333333,82684.38055836073
123.55288888888889,82536.75793490141
123.65244444444444,82389.37302048791
123.752,82242.22524142632
123.85155555555555,82095.31402586735
123.9511111111111,81948.6388037989
124.05066666666666,81802.19900703868
124.15022222222221,81655.99406922696
124.24977777777777,81510.0234258191
124.34933333333332,81364.28651407849
124.44888888888889,81218.78277306909
124.54844444444444,81073.51164364853
124.648,80928.47256846061
124.74755555555555,80783.6649919284
124.8471111111111,80639.08836024709
124.94666666666666,80494.74212137691
125.04622222222221,80350.62572503611
125.14577777777777,80206.73862269401
125.24533333333332,80063.08026756394
125.34488888888889,79919.65011459644
125.44444444444444,79776.44762047226
125.544,79633.47224359558
125.64355555555555,79490.72344408713
125.7431111111111,79348.20068377738
125.84266666666666,79205.90342619986
125.94222222222221,79063.83113658434
126.04177777777777,78921.98328185022
126.14133333333332,78780.35933059972
126.24088888888888,78638.95875311142
126.34044444444444,78497.7810213335
126.44,78356.82560887733
126.53955555555555,78216.09199101076
126.6391111111111,78075.57964465166
126.73866666666666,77935.28804836157
126.83822222222221,77795.21668233903
126.93777777777777,77655.3650284133
127.03733333333332,77515.73257003802
127.13688888888888,77376.31879228468
127.23644444444443,77237.1231818364
127.336,77098.14522698167
127.43555555555555,76959.38441760797
127.5351111111111,76820.84024519558
127.63466666666666,76682.51220281141
127.73422222222221,76544.39978510274
127.83377777777777,76406.50248829111
127.93333333333332,76268.8198101662
128.03288888888886,76131.35125007974
128.13244444444445,75994.09630893929
128.232,75857.05448920258
128.33155555555555,75720.22529487102
128.4311111111111,75583.60823148406
128.53066666666666,75447.2028061131
128.63022222222222,75311.00852735556
128.72977777777777,75175.02490532905
128.82933333333332,75039.25145166539
128.92888888888888,74903.68767950484
129.02844444444443,74768.3331034903
129.128,74633.18723976142
129.22755555555554,74498.24960594895
129.3271111111111,74363.51972116888
129.42666666666665,74228.99710601686
129.5262222222222,74094.68128256241
129.62577777777778,73960.57177434326
129.72533333333334,73826.66810635985
129.8248888888889,73692.96980506956
129.92444444444445,73559.47639838119
130.024,73426.1874156494
130.12355555555555,73293.1023876692
130.2231111111111,73160.22084667046
130.32266666666666,73027.54232631232
130.42222222222222,72895.0663616779
130.52177777777777,72762.79248926873
130.62133333333333,72630.7202469994
130.72088888888888,72498.84917419218
130.82044444444443,72367.17881157166
130.92,72235.70870125944
131.01955555555554,72104.43838676877
131.1191111111111,71973.36741299935
131.21866666666665,71842.4953262319
131.3182222222222,71711.82167412319
131.41777777777776,71581.34600570057
131.5173333333333,71451.06787135698
131.6168888888889,71320.98682284556
131.71644444444445,71191.10241327486
131.816,71061.41419710331
131.91555555555556,70931.92173013445
132.0151111111111,70802.62456951167
132.11466666666666,70673.52227371323
132.21422222222222,70544.61440254729
132.31377777777777,70415.90051714676
132.41333333333333,70287.38017996449
132.51288888888888,70159.05295476814
132.61244444444444,70030.91840663542
132.712,69902.97610194903
132.81155555555554,69775.22560839186
132.9111111111111,69647.66649494208
133.01066666666665,69520.2983318683
133.1102222222222,69393.12069072471
133.20977777777776,69266.13314434642
133.3093333333333,69139.33526684443
133.40888888888887,69012.7266336011
133.50844444444445,68886.30682126524
133.608,68760.07540774762
133.70755555555556,68634.03197221596
133.8071111111111,68508.1760950905
133.90666666666667,68382.50735803923
134.00622222222222,68257.02534397329
134.10577777777777,68131.72963704236
134.20533333333333,68006.61982263003
134.30488888888888,67881.69548734928
134.40444444444444,67756.9562190379
134.504,67632.40160675393
134.60355555555554,67508.03124077125
134.7031111111111,67383.84471257488
134.80266666666665,67259.84161485675
134.9022222222222,67136.0215415111
135.00177777777776,67012.38408763007
135.10133333333332,66888.92884949932
135.20088888888887,66765.65542459363
135.30044444444442,66642.56341157244
135.4,66519.65241027561
135.49955555555556,66396.92202171909
135.5991111111111,66274.37184809048
135.69866666666667,66152.0014927448
135.79822222222222,66029.81056020028
135.89777777777778,65907.79865613395
135.99733333333333,65785.96538737752
136.09688888888888,65664.31036191314
136.19644444444444,65542.83318886916
136.296,65421.53347851592
136.39555555555555,65300.41084226168
136.4951111111111,65179.46489264836
136.59466666666665,65058.69524334749
136.6942222222222,64938.10150915605
136.79377777777776,64817.683305992396
136.89333333333332,64697.44025089216
136.99288888888887,64577.37196200426
137.09244444444442,64457.47805858672
137.19199999999998,64337.75816100281
137.29155555555556,64218.21189071683
137.39111111111112,64098.83887029049
137.49066666666667,63979.638723378455
137.59022222222222,63860.611074724766
137.68977777777778,63741.755550158705
137.78933333333333,63623.071776590965
137.88888888888889,63504.559382009706
137.98844444444444,63386.217995476705
138.088,63268.047247123424
138.18755555555555,63150.046768147244
138.2871111111111,63032.21619080753
138.38666666666666,62914.555148421874
138.4862222222222,62797.06327536231
138.58577777777776,62679.740207051436
138.68533333333332,62562.58557995875
138.78488888888887,62445.59903159681
138.88444444444443,62328.78020051756
138.98399999999998,62212.12872630856
139.08355555555553,62095.6442495893
139.18311111111112,61979.32641200749
139.28266666666667,61863.174856235484
139.38222222222223,61747.18922596643
139.48177777777778,61631.36916591082
139.58133333333333,61515.714321792715
139.6808888888889,61400.224340346256
139.78044444444444,61284.898869311946
139.88,61169.73755743319
139.97955555555555,61054.7400544526
140.0791111111111,60939.90601110861
140.17866666666666,60825.23507913175
140.2782222222222,60710.726911241254
140.37777777777777,60596.38116114154
140.47733333333332,60482.19748351867
140.57688888888887,60368.17553403689
140.67644444444443,60254.31496933521
140.77599999999998,60140.61544702393
140.87555555555554,60027.07662568119
140.9751111111111,59913.69816484956
141.07466666666667,59800.47972503261
141.17422222222223,59687.42096769169
141.27377777777778,59574.52155524229
141.37333333333333,59461.78115105085
141.4728888888889,59349.19941943142
141.57244444444444,59236.77602564218
141.672,59124.510635882354
141.77155555555555,59012.40291728871
141.8711111111111,58900.452537932324
141.97066666666666,58788.65916681536
142.0702222222222,58677.022473867764
142.16977777777777,58565.542129944006
142.26933333333332,58454.21780681983
142.36888888888888,58343.049177189125
142.46844444444443,58232.0359146606
142.56799999999998,58121.17769375466
142.66755555555554,58010.47418990024
142.7671111111111,57899.92507943155
142.86666666666665,57789.530039585006
142.96622222222223,57679.28874849603
143.06577777777778,57569.20088519604
143.16533333333334,57459.266129609154
143.2648888888889,57349.48416254919
143.36444444444444,57239.85466571659
143.464,57130.377321695334
143.56355555555555,57021.05181394984
143.6631111111111,56911.87782682192
143.76266666666666,56802.85504552779
143.86222222222221,56693.983156155
143.96177777777777,56585.26184565945
144.06133333333332,56476.69080186235
144.16088888888888,56368.269713447255
144.26044444444443,56259.99826995713
144.35999999999999,56151.87616179128
144.45955555555554,56043.90308020252
144.5591111111111,55936.07871729418
144.65866666666665,55828.40276601715
144.7582222222222,55720.874920167
144.85777777777776,55613.494874381104
144.95733333333334,55506.26232413568
145.0568888888889,55399.176965743
145.15644444444445,55292.23849634844
145.256,55185.44661392764
145.35555555555555,55078.80101728372
145.4551111111111,54972.30140604436
145.55466666666666,54865.94748065906
145.65422222222222,54759.73894239632
145.75377777777777,54653.67549334075
145.85333333333332,54547.75683639043
145.95288888888888,54441.982675254025
146.05244444444443,54336.352714448054
146.152,54230.866659294166
146.25155555555554,54125.52421591636
146.3511111111111,54020.325091238294
146.45066666666665,53915.26899298051
146.5502222222222,53810.355629657795
146.64977777777776,53705.58471057644
146.7493333333333,53600.955945831585
146.8488888888889,53496.469046304475
146.94844444444445,53392.12372365994
147.048,53287.9196903436
147.14755555555556,53183.85665957928
147.2471111111111,53079.93434536636
147.34666666666666,52976.152462477214
147.44622222222222,52872.51072645452
147.54577777777777,52769.00885360873
147.64533333333333,52665.6465610154
147.74488888888888,52562.423566512734
147.84444444444443,52459.33958869888
147.944,52356.39434692949
148.04355555555554,52253.587561315064
148.1431111111111,52150.91895271854
148.24266666666665,52048.38824275264
148.3422222222222,51945.995153777425
148.44177777777776,51843.73940889782
148.5413333333333,51741.62073196099
148.64088888888887,51639.638847554015
148.74044444444445,51537.793481001274
148.84,51436.08435836213
148.93955555555556,51334.51120642831
149.0391111111111,51233.073752721546
149.13866666666667,51131.77172549115
149.23822222222222,51030.604853711535
149.33777777777777,50929.57286707986
149.43733333333333,50828.675496013566
149.53688888888888,50727.91247164802
149.63644444444444,50627.28352583409
149.736,50526.78839113579
149.83555555555554,50426.42680082791
149.9351111111111,50326.198488893686
150.03466666666665,50226.10319002234
150.1342222222222,50126.140639606885
150.23377777777776,50026.31057374168
150.33333333333331,49926.61272922019
150.43288888888887,49827.04684353259
150.53244444444442,49727.612654863544
150.632,49628.309902089815
150.73155555555556,49529.13832477814
150.8311111111111,49430.09766318274
150.93066666666667,49331.18765824322
151.03022222222222,49232.408051582235
151.12977777777778,49133.758585503245
151.22933333333333,49035.2390029883
151.32888888888888,48936.84904769579
151.42844444444444,48838.58846395822
151.528,48740.45699678001
151.62755555555555,48642.45439183528
151.7271111111111,48544.58039546563
151.82666666666665,48446.834754678006
151.9262222222222,48349.21721714245
152.02577777777776,48251.72753119002
152.12533333333332,48154.36544581052
152.22488888888887,48057.13071065044
152.32444444444442,47960.023076010744
152.42399999999998,47863.042292844766
152.52355555555556,47766.188112756055
152.62311111111111,47669.46028799634
152.72266666666667,47572.85857146328
152.82222222222222,47476.38271669846
152.92177777777778,47380.03247788524
153.02133333333333,47283.80760984673
153.12088888888889,47187.70786804364
153.22044444444444,47091.73300857226
153.32,46995.88278816237
153.41955555555555,46900.15696417521
153.5191111111111,46804.55529460138
153.61866666666666,46709.07753805887
153.7182222222222,46613.72345379096
153.81777777777776,46518.492801664266
153.91733333333332,46423.38534216667
154.01688888888887,46328.40083640533
154.11644444444443,46233.539046104685
154.21599999999998,46138.79973360446
154.31555555555553,46044.18266185765
154.41511111111112,45949.68759442861
154.51466666666667,45855.31429549106
154.61422222222222,45761.06252982608
154.71377777777778,45666.93206282017
154.81333333333333,45572.92266046335
154.9128888888889,45479.03408934719
155.01244444444444,45385.26611666287
155.112,45291.61851019927
155.21155555555555,45198.09103834104
155.3111111111111,45104.68347006671
155.41066666666666,45011.39557494676
155.5102222222222,44918.22712314176
155.60977777777777,44825.17788540045
155.70933333333332,44732.24763305789
155.80888888888887,44639.43613803355
155.90844444444443,44546.743172829476
156.00799999999998,44454.16851052842
156.10755555555554,44361.71192479198
156.2071111111111,44269.37318985879
156.30666666666667,44177.15208054259
156.40622222222223,44085.04837223056
156.50577777777778,43993.061840881324
156.60533333333333,43901.19226302322
156.7048888888889,43809.4394157525
156.80444444444444,43717.80307673148
156.904,43626.28302418678
157.00355555555555,43534.87903690752
157.1031111111111,43443.590894243556
157.20266666666666,43352.41837610366
157.3022222222222,43261.36126295381
157.40177777777777,43170.41933581539
157.50133333333332,43079.59237626345
157.60088888888887,42988.88016642492
157.70044444444443,42898.28248897694
157.79999999999998,42807.79912714506
157.89955555555554,42717.429864701546
157.9991111111111,42627.17448596364
158.09866666666665,42537.03277579183
158.1982222222222,42447.004519588205
158.29777777777778,42357.08950329465
158.39733333333334,42267.287513391304
158.4968888888889,42177.59833689466
158.59644444444444,42088.021761356074
158.696,41998.55757485996
158.79555555555555,41909.20556602219
158.8951111111111,41819.96552398841
158.99466666666666,41730.83723843235
159.09422222222221,41641.82049955424
159.19377777777777,41552.91509807909
159.29333333333332,41464.12082525509
159.39288888888888,41375.43747285199
159.49244444444443,41286.864833159416
159.59199999999998,41198.402698985316
159.69155555555554,41110.05086365429
159.7911111111111,41021.80912100601
159.89066666666665,40933.677265393606
159.9902222222222,40845.655091682085
160.08977777777775,40757.74239524671
160.18933333333334,40669.938971971416
160.2888888888889,40582.24461824731
160.38844444444445,40494.659130970955
160.488,40407.18230754293
160.58755555555555,40319.813945866175
160.6871111111111,40232.55384434451
160.78666666666666,40145.40180188104
160.88622222222222,40058.35761787661
160.98577777777777,39971.421092228295
161.08533333333332,39884.59202532783
161.18488888888888,39797.87021806012
161.28444444444443,39711.25547180168
161.384,39624.74758841916
161.48355555555554,39538.34637026779
161.5831111111111,39452.05162018989
161.68266666666665,39365.86314151342
161.7822222222222,39279.780738050395
161.88177777777776,39193.804214095464
161.9813333333333,39107.93337442441
162.0808888888889,39022.16802429262
162.18044444444445,38936.50796943378
162.28,38850.953016058185
162.37955555555556,38765.50297085142
162.4791111111111,38680.157640972844
162.57866666666666,38594.916834054195
162.67822222222222,38509.78035819809
162.77777777777777,38424.74802197662
162.87733333333333,38339.81963442989
162.97688888888888,38254.99500506461
163.07644444444443,38170.273943852655
163.176,38085.65626122966
163.27555555555554,38001.14176809361
163.3751111111111,37916.73027580339
163.47466666666665,37832.42159617744
163.5742222222222,37748.21554149232
163.67377777777776,37664.111924481316
163.7733333333333,37580.11055833308
163.87288888888887,37496.21125669023
163.97244444444445,37412.413833647915
164.072,37328.718103752595
164.17155555555556,37245.1238820005
164.2711111111111,37161.63098383637
164.37066666666666,37078.23922515205
164.47022222222222,36994.94842228517
164.56977777777777,36911.75839201778
164.66933333333333,36828.668951575004
164.76888888888888,36745.67991862372
164.86844444444444,36662.79111127119
164.968,36580.002348063776
165.06755555555554,36497.31344798557
165.1671111111111,36414.72423045713
165.26666666666665,36332.234515334094
165.3662222222222,36249.84412290594
165.46577777777776,36167.55287389464
165.5653333333333,36085.36058945337
165.66488888888887,36003.26709116522
165.76444444444442,35921.27220104189
165.864,35839.37574152239
165.96355555555556,35757.57753547185
166.0631111111111,35675.877406180116
166.16266666666667,35594.27517736053
166.26222222222222,35512.77067314869
166.36177777777777,35431.36371810116
166.46133333333333,35350.054137194194
166.56088888888888,35268.84175582253
166.66044444444444,35187.726399798084
166.76,35106.70789534875
166.85955555555554,35025.786069117145
166.9591111111111,34944.96074815936
167.05866666666665,34864.23175994374
167.1582222222222,34783.59893234965
167.25777777777776,34703.06209366624
167.35733333333332,34622.62107259129
167.45688888888887,34542.27569822989
167.55644444444442,34462.025800093325
167.65599999999998,34381.871208097815
167.75555555555556,34301.8117525633
167.8551111111111,34221.84726421237
167.95466666666667,34141.97757416886
168.05422222222222,34062.202513956836
168.15377777777778,33982.52191549933
168.25333333333333,33902.93561111718
168.35288888888888,33823.44343352786
168.45244444444444,33744.04521584429
168.552,33664.740791573706
168.65155555555555,33585.52999461643
168.7511111111111,33506.412659264766
168.85066666666665,33427.38862020184
168.9502222222222,33348.45771250042
169.04977777777776,33269.619771621794
169.14933333333332,33190.874633414605
169.24888888888887,33112.222134113734
169.34844444444443,33033.66211033916
169.44799999999998,32955.19439909483
169.54755555555553,32876.81883776749
169.64711111111112,32798.53526412561
169.74666666666667,32720.343516318313
169.84622222222222,32642.243432874115
169.94577777777778,32564.23485269994
170.04533333333333,32486.31761507995
170.1448888888889,32408.49155967448
170.24444444444444,32330.756526518897
170.344,32253.112356022546
170.44355555555555,32175.55888896763
170.5431111111111,32098.095966508125
170.64266666666666,32020.723430168702
170.7422222222222,31943.441121843647
170.84177777777776,31866.248883795783
170.94133333333332,31789.14655865539
171.04088888888887,31712.13398941914
171.14044444444443,31635.21101944904
171.23999999999998,31558.37749247135
171.33955555555553,31481.63325257554
171.4391111111111,31404.978144213248
171.53866666666664,31328.412012197186
171.63822222222223,31251.934701700127
171.73777777777778,31175.546058253894
171.83733333333333,31099.24592774823
171.9368888888889,31023.034156429832
172.03644444444444,30946.910590901294
172.136,30870.87507812008
172.23555555555555,30794.927465397508
172.3351111111111,30719.067600397728
172.43466666666666,30643.29533113667
172.5342222222222,30567.610505981072
172.63377777777777,30492.012973647452
172.73333333333332,30416.5025832011
172.83288888888887,30341.07918405507
172.93244444444443,30265.74262596917
173.03199999999998,30190.492759049
173.13155555555554,30115.32943374492
173.2311111111111,30040.252500851064
173.33066666666664,29965.261811504388
173.4302222222222,29890.35721718364
173.52977777777778,29815.53856970838
173.62933333333334,29740.80572123809
173.7288888888889,29666.15852427108
173.82844444444444,29591.596831643572
173.928,29517.12049652874
174.02755555555555,29442.729372435755
174.1271111111111,29368.42331320877
174.22666666666666,29294.20217302603
174.3262222222222,29220.06580639887
174.42577777777777,29146.014068170804
174.52533333333332,29072.04681351653
174.62488888888888,28998.163897941038
174.72444444444443,28924.365177278618
174.82399999999998,28850.650507691964
174.92355555555554,28777.01974567122
175.0231111111111,28703.472748033044
175.12266666666665,28630.009371919696
175.2222222222222,28556.62947479811
175.32177777777775,28483.33291445894
175.42133333333334,28410.119549015682
175.5208888888889,28336.989236903773
175.62044444444444,28263.94183687962
175.72,28190.977208019718
175.81955555555555,28118.09520971976
175.9191111111111,28045.29570169371
176.01866666666666,27972.57854397292
176.11822222222222,27899.943596905225
176.21777777777777,27827.390721154043
176.31733333333332,27754.919777697505
176.41688888888888,27682.53062782755
176.51644444444443,27610.223133149022
176.61599999999999,27537.997155578847
176.71555555555554,27465.852557345082
176.8151111111111,27393.78920098609
176.91466666666665,27321.80694934965
177.0142222222222,27249.90566559208
177.11377777777776,27178.085213177383
177.2133333333333,27106.345455876384
177.3128888888889,27034.686257765814
177.41244444444445,26963.107483227595
177.512,26891.608996947805
177.61155555555555,26820.190663915928
177.7111111111111,26748.85234942401
177.81066666666666,26677.593919065755
177.91022222222222,26606.415238735728
178.00977777777777,26535.3161746285
178.10933333333332,26464.296593237807
178.20888888888888,26393.35636135572
178.30844444444443,26322.495346071788
178.408,26251.713414772243
178.50755555555554,26181.010435139175
178.6071111111111,26110.386275149653
178.70666666666665,26039.840803074967
178.8062222222222,25969.373887479767
178.90577777777776,25898.98539722127
179.0053333333333,25828.67520144845
179.10488888888887,25758.443169601178
179.20444444444445,25688.289171409477
179.304,25618.21307689272
179.40355555555556,25548.214756358746
179.5031111111111,25478.294080403142
179.60266666666666,25408.450919908395
179.70222222222222,25338.68514604315
179.80177777777777,25268.996630261347
179.90133333333333,25199.385244301495
180.00088888888888,25129.850860185856
180.10044444444443,25060.393350219667
180.2,24991.012586990346
180.29955555555554,24921.70844336674
180.3991111111111,24852.48079249831
180.49866666666665,24783.329507814407
180.5982222222222,24714.254463023448
180.69777777777776,24645.255532112176
180.7973333333333,24576.332589344896
180.89688888888887,24507.485509262715
180.99644444444442,24438.71416668274
181.096,24370.01843669736
181.19555555555556,24301.398194673522
181.2951111111111,24232.853316251883
181.39466666666667,24164.383677346126
181.49422222222222,24095.989154142197
181.59377777777777,24027.669623097554
181.69333333333333,23959.42496094044
181.79288888888888,23891.255044669102
181.89244444444444,23823.15975155111
181.992,23755.138959122563
182.09155555555554,23687.1925451874
182.1911111111111,23619.320387816628
182.29066666666665,23551.52236534763
182.3902222222222,23483.79835638342
182.48977777777776,23416.148239791906
182.58933333333331,23348.5718947052
182.68888888888887,23281.06920051887
182.78844444444442,23213.64003689123
182.88799999999998,23146.284283742632
182.98755555555556,23079.00182125473
183.0871111111111,23011.792529869843
183.18666666666667,22944.65629029013
183.28622222222222,22877.59298347698
183.38577777777778,22810.602490650257
183.48533333333333,22743.684693287625
183.58488888888888,22676.83947312384
183.68444444444444,22610.066712150052
183.784,22543.366292613107
183.88355555555555,22476.738097014873
183.9831111111111,22410.18200811152
184.08266666666665,22343.69790891286
184.1822222222222,22277.285682681657
184.28177777777776,22210.94521293292
184.38133333333332,22144.676383433245
184.48088888888887,22078.47907820014
184.58044444444442,22012.353181501334
184.67999999999998,21946.298577854104
184.77955555555553,21880.315152024607
184.8791111111111,21814.40278902721
184.97866666666667,21748.5613741238
185.07822222222222,21682.790792823205
185.17777777777778,21617.0909308804
185.27733333333333,21551.46167429593
185.37688888888889,21485.902909315228
185.47644444444444,21420.414522427967
185.576,21354.9964003674
185.67555555555555,21289.6484301097
185.7751111111111,21224.37049887331
185.87466666666666,21159.162494118314
185.9742222222222,21094.02430354576
186.07377777777776,21028.955815097037
186.17333333333332,20963.956916953233
186.27288888888887,20899.02749753447
186.37244444444443,20834.167445499297
186.47199999999998,20769.376649744034
186.57155555555553,20704.654999402144
186.6711111111111,20640.0023838436
186.77066666666664,20575.41869267425
186.87022222222222,20510.90381573519
186.96977777777778,20446.45764310217
187.06933333333333,20382.080065084912
187.1688888888889,20317.770972226517
187.26844444444444,20253.53025530285
187.368,20189.3578053219
187.46755555555555,20125.253513523214
187.5671111111111,20061.217271377216
187.66666666666666,19997.24897058464
187.7662222222222,19933.348503075897
187.86577777777777,19869.51576101048
187.96533333333332,19805.750636776356
188.06488888888887,19742.053022989352
188.16444444444443,19678.422812492558
188.26399999999998,19614.859898355728
188.36355555555554,19551.364173874677
188.4631111111111,19487.93553257069
188.56266666666664,19424.573868189913
188.6622222222222,19361.279074702783
188.76177777777778,19298.05104630339
188.86133333333333,19234.889677408988
188.9608888888889,19171.794862659273
189.06044444444444,19108.766496915898
189.16,19045.804475261833
189.25955555555555,18982.908693000816
189.3591111111111,18920.079045656767
189.45866666666666,18857.315428973197
189.5582222222222,18794.617738912642
189.65777777777777,18731.985871656078
189.75733333333332,18669.419723602354
189.85688888888888,18606.919191367633
189.95644444444443,18544.484171784792
190.05599999999998,18482.11456190289
190.15555555555554,18419.81025898658
190.2551111111111,18357.571160515545
190.35466666666665,18295.397164183938
190.4542222222222,18233.28816789984
190.55377777777775,18171.24406978467
190.65333333333334,18109.264768172627
190.7528888888889,18047.35016161021
190.85244444444444,17985.500148855557
190.952,17923.714628877944
191.05155555555555,17861.993500857243
191.1511111111111,17800.33666418336
191.25066666666666,17738.744018455694
191.35022222222221,17677.215463482586
191.44977777777777,17615.750899280785
191.54933333333332,17554.350226074883
191.64888888888888,17493.01334429682
191.74844444444443,17431.740154585303
191.84799999999998,17370.530557785274
191.94755555555554,17309.384454947412
192.0471111111111,17248.301747327558
192.14666666666665,17187.282336386193
192.2462222222222,17126.32612378793
192.34577777777776,17065.433011400964
192.4453333333333,17004.602901296552
192.5448888888889,16943.83569574846
192.64444444444445,16883.131297232543
192.744,16822.489608426073
192.84355555555555,16761.91053220732
192.9431111111111,16701.393971655
193.04266666666666,16640.93983004778
193.14222222222222,16580.548010863742
193.24177777777777,16520.218417779863
193.34133333333332,16459.95095467153
193.44088888888888,16399.74552561201
193.54044444444443,16339.602034871941
193.64,16279.520386918832
193.73955555555554,16219.500486416558
193.8391111111111,16159.542238224854
193.93866666666665,16099.645547398795
194.0382222222222,16039.810319188326
194.13777777777776,15980.036459037745
194.2373333333333,15920.323872585199
194.33688888888886,15860.672465662197
194.43644444444445,15801.082144293105
194.536,15741.552814694698
194.63555555555556,15682.08438327559
194.7351111111111,15622.6767566358
194.83466666666666,15563.329841566238
194.93422222222222,15504.043545048238
195.03377777777777,15444.817774253048
195.13333333333333,15385.652436541373
195.23288888888888,15326.54743946287
195.33244444444443,15267.502690755668
195.432,15208.518098345901
195.53155555555554,15149.593570347219
195.6311111111111,15090.72901506032
195.73066666666665,15031.924340972455
195.8302222222222,14973.179456756976
195.92977777777776,14914.494271272855
196.0293333333333,14855.868693564205
196.12888888888887,14797.302632859824
196.22844444444442,14738.795998572716
196.328,14680.348700299608
196.42755555555556,14621.96064782056
196.5271111111111,14563.63175109839
196.62666666666667,14505.361920278281
196.72622222222222,14447.151065687312
196.82577777777777,14388.999097833977
196.92533333333333,14330.90592740775
197.02488888888888,14272.871465278617
197.12444444444444,14214.895622496619
197.224,14156.978310291395
197.32355555555554,14099.119440071738
197.4231111111111,14041.318923425133
197.52266666666665,13983.576672117322
197.6222222222222,13925.892598091837
197.72177777777776,13868.266613469561
197.8213333333333,13810.698630548282
197.92088888888887,13753.18856180225
198.02044444444442,13695.736319881726
198.11999999999998,13638.341817612549
198.21955555555553,13581.004967995686
198.3191111111111,13523.725684206784
198.41866666666667,13466.503879595793
198.51822222222222,13409.33946768643
198.61777777777777,13352.232362175811
198.71733333333333,13295.18247693401
198.81688888888888,13238.189726003588
198.91644444444444,13181.254023599224
199.016,13124.375284107224
199.11555555555555,13067.553422085133
199.2151111111111,13010.78835226128
199.31466666666665,12954.079989534368
199.4142222222222,12897.428248973052
199.51377777777776,12840.833045815489
199.61333333333332,12784.294295468948
199.71288888888887,12727.811913509375
199.81244444444442,12671.385815680958
199.91199999999998,12615.015917895731
200.01155555555553,12558.702136233147
200.1111111111111,12502.444386939656
200.21066666666667,12446.242586428285
200.31022222222222,12390.096651278278
200.40977777777778,12334.006498234594
200.50933333333333,12277.972044207554
200.60888888888888,12221.993206272424
200.70844444444444,12166.069901668989
200.808,12110.202047801167
200.90755555555555,12054.389562236584
201.0071111111111,11998.632362706177
201.10666666666665,11942.93036710379
201.2062222222222,11887.28349348577
201.30577777777776,11831.691660070557
201.40533333333332,11776.154785238305
201.50488888888887,11720.672787530453
201.60444444444443,11665.245585649354
201.70399999999998,11609.873098457863
201.80355555555553,11554.555244978943
201.9031111111111,11499.291944395267
202.00266666666664,11444.083116048838
202.10222222222222,11388.928679440563
202.20177777777778,11333.828554229944
202.30133333333333,11278.78266023457
202.4008888888889,11223.790917429817
202.50044444444444,11168.853245948423
202.6,11113.96956608011
202.69955555555555,11059.1397982712
202.7991111111111,11004.363863124236
202.89866666666666,10949.641681397576
202.9982222222222,10894.973174005041
203.09777777777776,10840.358262015512
203.19733333333332,10785.79686665256
203.29688888888887,10731.288909294064
203.39644444444443,10676.834311471837
203.49599999999998,10622.432994871242
203.59555555555553,10568.084881330826
203.6951111111111,10513.78989284194
203.79466666666664,10459.547951548362
203.8942222222222,10405.358979745935
203.99377777777778,10351.222899882174
204.09333333333333,10297.139634555959
204.1928888888889,10243.109106517071
204.29244444444444,10189.131238665892
204.392,10135.205954053014
204.49155555555555,10081.333175878886
204.5911111111111,10027.512827493434
204.69066666666666,9973.74483239571
204.7902222222222,9920.029114233526
204.88977777777777,9866.36559680309
204.98933333333332,9812.754204048644
205.08888888888887,9759.194860062116
205.18844444444443,9705.68748908274
205.28799999999998,9652.232015496726
205.38755555555554,9598.828363836885
205.4871111111111,9545.476458782277
205.58666666666664,9492.176225157864
205.6862222222222,9438.927587934146
205.78577777777775,9385.730472226818
205.88533333333334,9332.584803296404
205.9848888888889,9279.490506547954
206.08444444444444,9226.447507530627
206.184,9173.455731937382
206.28355555555555,9120.515105604629
206.3831111111111,9067.625554511873
206.48266666666666,9014.787004781385
206.5822222222222,8961.99938267784
206.68177777777777,8909.262614607984
206.78133333333332,8856.576627120288
206.88088888888888,8803.941346904612
206.98044444444443,8751.356700791863
207.07999999999998,8698.822615753648
207.17955555555554,8646.339018901948
207.2791111111111,8593.905837488779
207.37866666666665,8541.52299890584
207.4782222222222,8489.190430684206
207.57777777777775,8436.908060493966
207.6773333333333,8384.67581614391
207.7768888888889,8332.493625581168
207.87644444444445,8280.361416890946
207.976,8228.279118296105
208.07555555555555,8176.24665815689
208.1751111111111,8124.263964970586
208.27466666666666,8072.330967371196
208.37422222222222,8020.447594129104
208.47377777777777,7968.613774150756
208.57333333333332,7916.829436478341
208.67288888888888,7865.094510289455
208.77244444444443,7813.408924896784
208.87199999999999,7761.7726097477835
208.97155555555554,7710.185494424354
209.0711111111111,7658.647508642526
209.17066666666665,7607.15858225214
209.2702222222222,7555.718645236517
209.36977777777776,7504.327627712156
209.4693333333333,7452.985459928411
209.56888888888886,7401.692072267176
209.66844444444445,7350.447395242556
209.768,7299.25135950061
209.86755555555555,7248.103895818953
209.9671111111111,7197.0049351065
210.06666666666666,7145.954408403141
210.16622222222222,7094.9522468794385
210.26577777777777,7043.998381836299
210.36533333333333,6993.092744704687
210.46488888888888,6942.235267045299
210.56444444444443,6891.425880548274
210.664,6840.664517032869
210.76355555555554,6789.95110844717
210.8631111111111,6739.285586867776
210.96266666666665,6688.667884499508
211.0622222222222,6638.097933675095
211.16177777777776,6587.575666854877
211.2613333333333,6537.101016626505
211.36088888888887,6486.673915704644
211.46044444444442,6436.294296930666
211.56,6385.962093272346
211.65955555555556,6335.6772378236155
211.7591111111111,6285.4396638041835
211.85866666666666,6235.249304559299
211.95822222222222,6185.106093559438
212.05777777777777,6135.0099644000165
212.15733333333333,6084.960850801086
212.25688888888888,6034.958686607055
212.35644444444443,5985.003405786384
212.456,5935.094942431307
212.55555555555554,5885.2332307575325
212.6551111111111,5835.41820510396
212.75466666666665,5785.649799932387
212.8542222222222,5735.927949827229
212.95377777777776,5686.252589495223
213.0533333333333,5636.62365376515
213.15288888888887,5587.041077587547
213.25244444444442,5537.504796034423
213.35199999999998,5488.014744298971
213.45155555555553,5438.570857695295
213.5511111111111,5389.173071658107
213.65066666666667,5339.821321742503
213.75022222222222,5290.515543623602
213.84977777777777,5241.255673096317
213.94933333333333,5192.041646075067
214.04888888888888,5142.873398593497
214.14844444444444,5093.750866804203
214.248,5044.6739869784515
214.34755555555554,4995.642695505909
214.4471111111111,4946.656928894361
214.54666666666665,4897.7166237694455
214.6462222222222,4848.821716874374
214.74577777777776,4799.972145069661
214.84533333333331,4751.16784533285
214.94488888888887,4702.4087547582485
215.04444444444442,4653.694810556649
215.14399999999998,4605.025950055067
215.24355555555553,4556.402110696469
215.34311111111109,4507.823230039504
215.44266666666667,4459.289245758225
215.54222222222222,4410.800095641871
215.64177777777778,4362.35571759453
215.74133333333333,4313.956049634918
215.84088888888888,4265.6010298961055
215.94044444444444,4217.290596625256
216.04,4169.024688183358
216.13955555555555,4120.8032430449675
216.2391111111111,4072.6261997979454
216.33866666666665,4024.4934971431926
216.4382222222222,3976.405073894397
216.53777777777776,3928.360868977769
216.63733333333332,3880.3608214317846
216.73688888888887,3832.40487040693
216.83644444444442,3784.492955165439
216.93599999999998,3736.625015081042
217.03555555555553,3688.8009896387057
217.1351111111111,3641.020818434382
217.23466666666664,3593.284441174753
217.33422222222222,3545.5917976769597
217.43377777777778,3497.9428278684095
217.53333333333333,3450.3374717864394
217.63288888888889,3402.775669578117
217.73244444444444,3355.257361499979
217.832,3307.7824879177815
217.93155555555555,3260.3509893062464
218.0311111111111,3212.962806248818
218.13066666666666,3165.617879437412
218.2302222222222,3118.3161496721646
218.32977777777776,3071.0575578611947
218.42933333333332,3023.8420450203494
218.52888888888887,2976.6695522729624
218.62844444444443,2929.5400208496103
218.72799999999998,2882.453392087864
218.82755555555553,2835.4096074320505
218.9271111111111,2788.4086084330074
219.02666666666664,2741.4503367478405
219.1262222222222,2694.534734139685
219.22577777777778,2647.6617424774477
219.32533333333333,2600.8313037356234
219.4248888888889,2554.043359993974
219.52444444444444,2507.2978534373433
219.624,2460.594726355406
219.72355555555555,2413.9339211424276
219.8231111111111,2367.315380297033
219.92266666666666,2320.7390464219648
220.0222222222222,2274.204862223851
220.12177777777777,2227.7127705129674
220.22133333333332,2181.2627142030065
220.32088888888887,2134.854636310842
220.42044444444443,2088.488479956297
220.51999999999998,2042.1641883619072
220.61955555555554,1995.8817048526967
220.7191111111111,1949.6409728559408
220.81866666666664,1903.4419359009376
220.9182222222222,1857.2845376187786
221.01777777777775,1811.168721742118
221.11733333333333,1765.094432104932
221.2168888888889,1719.0616126423442
221.31644444444444,1673.0702073903176
221.416,1627.12016048548
221.51555555555555,1581.2114161648874
221.6151111111111,1535.3439187657953
221.71466666666666,1489.517612725436
221.8142222222222,1443.7324425807933
221.91377777777777,1397.988352968379
222.01333333333332,1352.28528862401
222.11288888888888,1306.6231943825837
222.21244444444443,1261.0020151778592
222.31199999999998,1215.4216960422345
222.41155555555554,1169.8821821065249
222.5111111111111,1124.383418599744
222.61066666666665,1078.925350848884
222.7102222222222,1033.507924278696
222.80977777777775,988.1310844114721
222.9093333333333,942.7947768668278
223.0088888888889,897.4989473614714
223.10844444444444,852.2435417090397
223.208,807.0285058198028
223.30755555555555,761.8537857005022
223.4071111111111,716.7193274541222
223.50666666666666,671.6250772796751
223.60622222222221,626.5709814719881
223.70577777777777,581.5569864214899
223.80533333333332,536.5830386139977
223.90488888888888,491.64908463050585
224.00444444444443,446.75507114697336
224.10399999999998,401.9009449341141
224.20355555555554,357.0866528571855
224.3031111111111,312.3121418757795
224.40266666666665,267.57735904361243
224.5022222222222,222.88225150831713
224.60177777777776,178.22676651123425
224.7013333333333,133.61085138720497
224.80088888888886,89.03445356436382
224.90044444444445,44.49752056391956
225.0,0.0
