E_keV,mu_over_rho_cm2_per_g,MT502,MT504,MT515,MT516,MT517,photoelectric_total,subshell_MT534_0.40keV,subshell_MT535_0.02keV,subshell_MT536_0.01keV,subshell_MT537_0.01keV
1.0,13255.49072588843,6.043641729703524,0.04412561861152782,0.0,0.0,0.0,13249.402953357161,12603.972292530088,581.962163338556,21.23204291033008,42.23645318429995
2.0,1909.4747847586402,4.617225172334483,0.1409146363669793,0.0,0.0,0.0,1904.7166442318508,1809.9655397892127,89.76223776956935,1.674414259139208,3.314454880389227
3.0,583.2144319763248,3.4292353643739744,0.23952071746149092,0.0,0.0,0.0,579.5456759453377,550.3632899590431,28.145135244776025,0.3483100814927266,0.6889401608302911
4.0,246.7834098336389,2.578137138806436,0.3219089993049754,0.0,0.0,0.0,243.88336393442998,231.51261543083868,12.038858559334766,0.11190370888211575,0.2199857859820229
5.0,125.84892471521204,1.9939079735313567,0.38395967986054685,0.0,0.0,0.0,123.47105695894372,117.17497543720229,6.159837424648553,0.04594322871520686,0.0903009009592775
6.0,72.4191732282191,1.5926112089536344,0.42881521148013524,0.0,0.0,0.0,70.39774676849194,66.79829982596625,3.533925159919125,0.022087954108401656,0.04343385528064238
7.0,45.366039104323484,1.309860749761093,0.46357901187395656,0.0,0.0,0.0,43.5925992826564,41.35720212297559,2.200236517140744,0.011862739307224484,0.02329789840679926
8.0,30.29311873015569,1.1045322915030666,0.4922782956448818,0.0,0.0,0.0,28.696308152756114,27.219855552547223,1.4560062927125905,0.00690494386867788,0.01354133919120644
9.0,21.25360743401636,0.9493535728422497,0.5130721982609724,0.0,0.0,0.0,19.791181601044098,18.771138387393446,1.0073947755443233,0.004280218094889357,0.008368233371276328
10.0,15.539129548357455,0.8307500779502149,0.5324923967192252,0.0,0.0,0.0,14.175887064162723,13.443034750499406,0.7246332128893428,0.002785179795926137,0.005433923054764688
11.0,11.75557214673117,0.7359262582406064,0.5478074356859041,0.0,0.0,0.0,10.47183844796049,9.930475451459762,0.5358002648711421,0.0018862107812845435,0.0036765217511248805
12.0,9.145500124668215,0.6577017080000176,0.5621971816111425,0.0,0.0,0.0,7.925601238641194,7.514833509387791,0.40687985062860127,0.001321395112163087,0.002566480275224511
13.0,7.30359783036811,0.5925130488796924,0.5747569643820618,0.0,0.0,0.0,6.136327810306685,5.817996285401591,0.3155372228764123,0.0009501095187815024,0.0018441989863151674
14.0,5.960768689825937,0.537695072674572,0.585068408806115,0.0,0.0,0.0,4.8380052198972,4.586949876964544,0.2489978960307379,0.0006992181995986354,0.0013582251117866628
15.0,4.954186120091645,0.49027338671596227,0.5946220668808943,0.0,0.0,0.0,3.86929066940507,3.6680722299439843,0.19967325195368696,0.000525613768921999,0.0010195745824492968
16.0,4.194587948032576,0.44889091891877125,0.6036588449565643,0.0,0.0,0.0,3.1420381890572475,2.978471579393949,0.16238432350055992,0.00040287503298104787,0.0007794047833594389
17.0,3.6054621695235527,0.4122557402817588,0.6103995889860699,0.0,0.0,0.0,2.582806854257097,2.448398903194051,0.13348902396490755,0.00031324551430284285,0.0006056731918902159
18.0,3.142573766636238,0.37925937180535735,0.6170094533086113,0.0,0.0,0.0,2.1463049458109333,2.0345726786100156,0.111008031421595,0.00024688233250626663,0.00047734974779292606
19.0,2.7745588561513874,0.3511055782121327,0.6231470642141346,0.0,0.0,0.0,1.8003062106364986,1.7064480970440277,0.09327982902640172,0.00019730656397975893,0.0003809838772059271
20.0,2.4774528003122103,0.32540413061202683,0.6291658220264873,0.0,0.0,0.0,1.5228828511251205,1.4434028081468182,0.07901325085146482,0.000159391490400333,0.0003074005705386296
21.0,2.2337045110812435,0.3018369012624794,0.6327746437156185,0.0,0.0,0.0,1.2990929718995812,1.2312833224231083,0.06742884040294275,0.0001301523420589538,0.00025065687919092404
22.0,2.0338502530448173,0.2815719175002942,0.6363834654047498,0.0,0.0,0.0,1.115894875800912,1.0576344990173296,0.057946668909269285,0.00010726353892215684,0.00020644461784011126
23.0,1.8682587443686827,0.2627710840511044,0.6399922870938809,0.0,0.0,0.0,0.9654953759138762,0.9150924311883876,0.05014229930267254,8.923210580165809e-05,0.00017141340483737812
24.0,1.7293377471450546,0.24551203087587647,0.6436011087830121,0.0,0.0,0.0,0.8402246078456012,0.796363647534234,0.043642808150446785,7.471160046860451e-05,0.0001434403284367867
25.0,1.6125821662541648,0.23035838460155186,0.6472099304721434,0.0,0.0,0.0,0.7350138510691392,0.6966251069634101,0.038204759359842584,6.306918562185021e-05,0.0001209158606512399
26.0,1.5108319726472081,0.21574032991579328,0.6488822166244375,0.0,0.0,0.0,0.6462094251819417,0.6124249359998158,0.03362831433953528,5.356985893299878e-05,0.00010260547527967687
27.0,1.4243379939224257,0.20318827968605627,0.6502929276020625,0.0,0.0,0.0,0.5708567869815573,0.5409990983081636,0.02972426307114792,4.581259248859672e-05,8.761314465929598e-05
28.0,1.3493390659179272,0.1908729716115799,0.6517036385796874,0.0,0.0,0.0,0.5067624548437516,0.4802459185629425,0.026401926332869863,3.9370946312677244e-05,7.523960491270187e-05
29.0,1.2848252721419213,0.18035577682816553,0.6531143495573123,0.0,0.0,0.0,0.45135514563095674,0.42772840287187536,0.023527725718600904,3.4050291407376244e-05,6.496696453311199e-05
30.0,1.2282737410993996,0.17004467296038248,0.6545250605349372,0.0,0.0,0.0,0.40370400696635544,0.38257356434212453,0.021044482741166392,2.9562521005000338e-05,5.639795013940423e-05
31.0,1.1797055964722098,0.1611088798888206,0.6559357715125622,0.0,0.0,0.0,0.3626609452053859,0.34369460686729525,0.01889138396605474,2.579333245491531e-05,4.916064523816885e-05
32.0,1.1359201567398851,0.1525182876996976,0.6568138518501303,0.0,0.0,0.0,0.32658801733094783,0.30948982913275286,0.01703252249650161,2.2620328738300372e-05,4.304529270396919e-05
33.0,1.0967563781049063,0.14471961226069077,0.6568117494589042,0.0,0.0,0.0,0.295225016389493,0.2797786723369635,0.015388578123264475,1.990071116559534e-05,3.786558320938406e-05
34.0,1.0618680562503418,0.13762072891536659,0.6568096470676781,0.0,0.0,0.0,0.2674376809815519,0.2534359971662906,0.013950687979991874,1.758686812243013e-05,3.340866775170869e-05
35.0,1.0303703371692845,0.13054014309378353,0.656807544676452,0.0,0.0,0.0,0.2430226493481495,0.23028733593342013,0.01269011611285614,1.559217269113357e-05,2.960530549778337e-05
36.0,1.002994180286837,0.12466855662957282,0.6568054422852259,0.0,0.0,0.0,0.2215201816151016,0.20991912021931936,0.011560894153884928,1.3867380402560833e-05,2.6299263079815958e-05
37.0,0.9779277254286532,0.11879697016536211,0.6568033398939997,0.0,0.0,0.0,0.20232741571523122,0.19172190850939325,0.010569662238485475,1.2380528403576675e-05,2.346381592913314e-05
38.0,0.9553424914114789,0.113372091358587,0.6568012375027736,0.0,0.0,0.0,0.18516916263866168,0.1754596237320715,0.009677470917414745,1.1086131209937907e-05,2.0981821587570933e-05
39.0,0.9352092846043283,0.10851402382404329,0.6567991351115475,0.0,0.0,0.0,0.169896125319872,0.16098480061892204,0.008882555615372236,9.95061667855333e-06,1.881843319223875e-05
40.0,0.9165686230591913,0.1036559562894996,0.6566443493501091,0.0,0.0,0.0,0.15626831728378218,0.14807283318189143,0.00816959733843848,8.958183266700204e-06,1.6928627422099265e-05
41.0,0.899048523593315,0.09924632902364025,0.6558343984392409,0.0,0.0,0.0,0.1439677969492322,0.13641543064800174,0.007529004185059035,8.089227000946958e-06,1.5272814234092584e-05
42.0,0.8831864784532572,0.09522385274480506,0.6550244475283726,0.0,0.0,0.0,0.13293817847706027,0.1259605166798247,0.006956539561225574,7.320131955241544e-06,1.3802102287211673e-05
43.0,0.8683998919708505,0.09120137646596986,0.6542144966175045,0.0,0.0,0.0,0.12298401895604098,0.11652938893862767,0.006435480456158424,6.638505187082009e-06,1.2511117798676654e-05
44.0,0.8550217408553398,0.08760725950428917,0.6534045457066363,0.0,0.0,0.0,0.11400993526403902,0.10802839514433879,0.005964137672265947,6.037615633360266e-06,1.1364849720959892e-05
45.0,0.8426738702255232,0.08427407208044917,0.6525945947957682,0.0,0.0,0.0,0.10580520316347286,0.10025297940376425,0.005536376847179168,5.5015494951790994e-06,1.0345413240033413e-05
46.0,0.8311076096262396,0.08094088465660916,0.6517846438849,0.0,0.0,0.0,0.09838208118909322,0.09322078144924202,0.005146836564071662,5.026013422048601e-06,9.437126030619244e-06
47.0,0.8204276714186111,0.07782480136373428,0.6509746929740319,0.0,0.0,0.0,0.091628176935577,0.08682199770323458,0.004792955120458783,4.599448412678041e-06,8.624667996535913e-06
48.0,0.8107586402965797,0.07508641260797919,0.6501647420631637,0.0,0.0,0.0,0.08550748526532169,0.08102379414560162,0.004471568468944388,4.2168770143973974e-06,7.905808914401711e-06
49.0,0.8015360893448636,0.07234802385222408,0.6493547911522956,0.0,0.0,0.0,0.07983327420370075,0.07564665707544968,0.004175489482161937,3.874314414911187e-06,7.253359984671739e-06
50.0,0.7928210779058878,0.06960963509646897,0.6485448402414273,0.0,0.0,0.0,0.0746666025037447,0.07074985294319391,0.003906513772820942,3.564839434806412e-06,6.670941968201373e-06
51.0,0.7845844414821309,0.06723890736899436,0.6474130118941676,0.0,0.0,0.0,0.06993252152225608,0.066261988477089,0.0036611041215951537,3.284999719042585e-06,6.143982483635739e-06
52.0,0.7768135370138012,0.06500028254018865,0.6462377063449434,0.0,0.0,0.0,0.06557554878746177,0.06213394805483774,0.003432897932031783,3.0331402130735516e-06,5.669690161513677e-06
53.0,0.7693717464261967,0.06276165771138292,0.6450624007957191,0.0,0.0,0.0,0.0615476882886958,0.0583168418152575,0.003222806395676373,2.803995786297288e-06,5.23612091605098e-06
54.0,0.7622471088409315,0.0605230328825772,0.6438870952464949,0.0,0.0,0.0,0.05783698158504707,0.05480057180237182,0.0030289683971873975,2.595801518348331e-06,4.8455308967867385e-06
55.0,0.755743963010935,0.05861555993509238,0.6427117896972707,0.0,0.0,0.0,0.054416613827534224,0.05155912052092653,0.0028505975940012708,2.4062604024329946e-06,4.489404929679497e-06
56.0,0.7495761808166611,0.05678108670922824,0.6415364841480465,0.0,0.0,0.0,0.05125861005419087,0.0485658112050769,0.0026863952781663366,2.2359856665154942e-06,4.1676330235359006e-06
57.0,0.7436402012276258,0.0549466134833641,0.6403611785988224,0.0,0.0,0.0,0.04833240917949969,0.04579318955397608,0.0025332688270190903,2.0797310475924303e-06,3.871112335591994e-06
58.0,0.7379165423613876,0.05311214025749996,0.6391858730495982,0.0,0.0,0.0,0.04561852856626782,0.0432217401389787,0.0023912487525562594,1.9365378242529948e-06,3.6030912202276958e-06
59.0,0.732641182489543,0.05153044475072956,0.638010567500374,0.0,0.0,0.0,0.043100170584897485,0.040835041449559496,0.0022599670376713165,1.8059200015896128e-06,3.3561893237493875e-06
60.0,0.7276231421444184,0.05002403277168556,0.6368352619511498,0.0,0.0,0.0,0.040763847153879325,0.03862062149562459,0.0021384099341926507,1.6869616262159422e-06,3.128805835778231e-06
61.0,0.7227664585179958,0.04851762079264157,0.6356599564019255,0.0,0.0,0.0,0.038588880804467374,0.03656031612345056,0.00202406647855163,1.5765054769624831e-06,2.9217099303227625e-06
62.0,0.7180584477175725,0.04701120881359758,0.6344846508527013,0.0,0.0,0.0,0.03656258839688465,0.034640747624618405,0.0019176335531459886,1.4747947045060335e-06,2.7324245896250316e-06
63.0,0.7135979825396553,0.04561655320745146,0.6333093453034772,0.0,0.0,0.0,0.03467208475292161,0.03284984537485133,0.0018183008924356435,1.3809867692881781e-06,2.557454493373767e-06
64.0,0.7092249439422973,0.044383010583075595,0.6319356342779409,0.0,0.0,0.0,0.03290629858249766,0.031176706086124713,0.0017258997754824497,1.2947831884428785e-06,2.397859072642861e-06
65.0,0.7049448615766783,0.04314946795869973,0.6305408536443006,0.0,0.0,0.0,0.031254539453245675,0.029611468511794303,0.001639605804080357,1.215967116928102e-06,2.2491873910174863e-06
66.0,0.7007692165579246,0.04191592533432386,0.6291460730106602,0.0,0.0,0.0,0.02970721863559712,0.028145203624945957,0.0015587614676384402,1.1419634017345626e-06,2.11153415058497e-06
67.0,0.6966894702352086,0.04068238270994799,0.6277512923770199,0.0,0.0,0.0,0.028255795558071044,0.02676981738207295,0.0014829205959107153,1.073583366561723e-06,1.9839919279399453e-06
68.0,0.6928606397000282,0.039600853367958766,0.6263565117433796,0.0,0.0,0.0,0.02690327449601494,0.025488719251996826,0.0014116779503561925,1.0105966037524532e-06,1.866691466310287e-06
69.0,0.6892023674766569,0.03859503535388822,0.6249617311097393,0.0,0.0,0.0,0.02564560180978898,0.024296827454003873,0.001346064558242362,9.520455874505462e-07,1.7576921726231034e-06
70.0,0.6856021534099895,0.03758921733981767,0.623566950476099,0.0,0.0,0.0,0.02444598497619341,0.02316072379687732,0.001282707271567738,8.977791857088162e-07,1.6561709518281673e-06
71.0,0.6820977611020437,0.03658339932574712,0.6222076193678617,0.0,0.0,0.0,0.0233067423844064,0.022080484673377053,0.0012238481680461,8.47845766441847e-07,1.5617273528478543e-06
72.0,0.6788249688958566,0.03557758131167657,0.620985599841657,0.0,0.0,0.0,0.022261787200953835,0.021090857639729295,0.0011686536289510275,8.016697993957236e-07,1.4742944289258713e-06
73.0,0.6756853540787614,0.034659490958844776,0.6197635803154523,0.0,0.0,0.0,0.021262282423077015,0.020144140097439756,0.0011159915113695723,7.577085106488711e-07,1.3931293774108415e-06
74.0,0.6726948194845481,0.03384020764499936,0.6185415607892476,0.0,0.0,0.0,0.020313051299093256,0.01924435582024816,0.0010666614160549596,7.169367798537427e-07,1.3171422760279395e-06
75.0,0.6697740803828285,0.033020924331153945,0.6173195412630429,0.0,0.0,0.0,0.019433614266336923,0.018411183769106765,0.001020504768668282,6.790908161026536e-07,1.2467057469516669e-06
76.0,0.6668981967769856,0.032201641017308526,0.6160975217368382,0.0,0.0,0.0,0.018599033487829493,0.017620616422833375,0.000976591872759657,6.435698525727644e-07,1.1816355745950982e-06
77.0,0.6640645577379441,0.031382357703463114,0.6148755022106335,0.0,0.0,0.0,0.01780669825026836,0.016870012650108544,0.0009349553019365584,6.103765758010458e-07,1.1198661300123906e-06
78.0,0.6612728439613668,0.0305630743896177,0.6136534826844288,0.0,0.0,0.0,0.017056286516015713,0.016159054728722314,0.0008955894057988026,5.797053942574908e-07,1.0626564675354586e-06
79.0,0.6586680852018816,0.029889829714657624,0.612431463158224,0.0,0.0,0.0,0.01634679193539394,0.015486526243930494,0.0008587066698673804,5.50403359450081e-07,1.008645842564078e-06
80.0,0.6560253333824123,0.02921844361967787,0.6111270625550983,0.0,0.0,0.0,0.015679826542960885,0.01485466729671302,0.0008236783941457741,5.229445811350981e-07,9.579631414247377e-07
81.0,0.6533534689193785,0.02854705752469812,0.6097597501242707,0.0,0.0,0.0,0.015046660830051146,0.01425481199544953,0.0007904408619668402,4.974622194860751e-07,9.104596244507463e-07
82.0,0.6507137677612885,0.027875671429718366,0.6083924376934433,0.0,0.0,0.0,0.014445658003735764,0.013685410512213505,0.000758907904991388,4.731886938483836e-07,8.663755683089167e-07
83.0,0.6481157255896297,0.02720428533473861,0.6070251252626159,0.0,0.0,0.0,0.013886314923552485,0.013155582867855575,0.0007294574668703036,4.505247036638281e-07,8.24021344838699e-07
84.0,0.6455751089296266,0.02658223342961639,0.6056578128317883,0.0,0.0,0.0,0.01333506303497839,0.01263309741203779,0.0007007515739284527,4.2926037340088216e-07,7.848067643303964e-07
85.0,0.6431518148456538,0.026033401160976077,0.6042905004009609,0.0,0.0,0.0,0.012827913906247018,0.012152769160806261,0.0006739874082590194,4.097297532304824e-07,7.476093810736603e-07
86.0,0.6407407439905296,0.02548456889233576,0.6029231879701333,0.0,0.0,0.0,0.012332987585315251,0.011683936298628015,0.0006479474179103897,3.908546138619323e-07,7.130316716551421e-07
87.0,0.6383620527606022,0.024935736623695446,0.6015558755393059,0.0,0.0,0.0,0.01187044029784654,0.011245572418688479,0.0006238149317689784,3.7300730471190964e-07,6.799834375583712e-07
88.0,0.6360041162447362,0.024386904355055132,0.6001885631084783,0.0,0.0,0.0,0.01142864888583401,0.010827061064046375,0.0006005826952655781,3.5642733523279593e-07,6.487576874484657e-07
89.0,0.6336649254048533,0.023838072086414818,0.5988212506776509,0.0,0.0,0.0,0.01100560301100697,0.010426277526663464,0.0005783651193729245,3.406539833190203e-07,6.197263312273375e-07
90.0,0.6314992426693229,0.023289239817774504,0.5976071037996294,0.0,0.0,0.0,0.010602898443532772,0.01004474571582811,0.0005572347210210364,3.257208753299383e-07,5.923278860749585e-07
91.0,0.6294796880087017,0.022843959342535334,0.5964148763135927,0.0,0.0,0.0,0.010220851937740994,0.009682261233654264,0.0005377124626505914,3.1177934920195364e-07,5.663956776926607e-07
92.0,0.6274847459683282,0.02239896018233687,0.595222648827556,0.0,0.0,0.0,0.00986313684295149,0.009344101623403675,0.0005181945730501067,2.9830165840111594e-07,5.423978527986547e-07
93.0,0.6254939342124335,0.021953961022138407,0.5940304213415193,0.0,0.0,0.0,0.009509551403914539,0.00900864344685322,0.0005001032626145637,2.8569712833375823e-07,5.189266958387888e-07
94.0,0.6235264336105196,0.02150896186193994,0.5928381938554825,0.0,0.0,0.0,0.009179277653562013,0.008696005536958654,0.0004825014604121658,2.736577658592337e-07,4.970028833092168e-07
95.0,0.621576175848244,0.021063962701741476,0.5916459663694459,0.0,0.0,0.0,0.00886624619781175,0.008399718962067721,0.0004657885995767907,2.6236300257463267e-07,4.762312713215271e-07
96.0,0.6196358419832286,0.02061896354154301,0.5904537388834091,0.0,0.0,0.0,0.008563140072848766,0.008112231701497032,0.0004502005065212895,2.515117788310364e-07,4.563883890155843e-07
97.0,0.6177141765444194,0.020180825608157597,0.5892615113973724,0.0,0.0,0.0,0.008271840276645908,0.007836422763954132,0.00043473852344471807,2.413956365604554e-07,4.375670658251242e-07
98.0,0.6158866172666906,0.019819735915474503,0.5880692839113356,0.0,0.0,0.0,0.00799759748333386,0.007576499358458386,0.00042044664197970984,2.3165846207856906e-07,4.1975943403625016e-07
99.0,0.6140627661218826,0.019458646222791413,0.586877056425299,0.0,0.0,0.0,0.007727063942098146,0.007320094017451894,0.00040634409747340326,2.226029582658976e-07,4.032615261804927e-07
100.0,0.6122608319250371,0.01909755653010832,0.5856848289392622,0.0,0.0,0.0,0.007478446579378143,0.0070844851083916634,0.0003933607857692746,2.1387317004608376e-07,3.8687535178189405e-07
101.0,0.6104058928106479,0.018736466837425227,0.5844346904466599,0.0,0.0,0.0,0.007234736172698903,0.006853781422164025,0.0003803774740651459,2.0557373156913413e-07,3.7173591532117083e-07
102.0,0.6085648062173753,0.018375377144742133,0.5831845519540575,0.0,0.0,0.0,0.007004876929364233,0.006635826852284185,0.00036849514205900187,1.9775222697695585e-07,3.571764091519083e-07
103.0,0.6067313402358929,0.01801428745205904,0.5819344134614551,0.0,0.0,0.0,0.006782639992061562,0.006425479541525752,0.000356626714892815,1.9022224706319984e-07,3.4345239423247923e-07
104.0,0.6049065000915765,0.01765319775937595,0.5806842749688528,0.0,0.0,0.0,0.006569027502412929,0.006222872181868307,0.00034564212237159035,1.8303951134456324e-07,3.302034950052829e-07
105.0,0.6031467076776775,0.01734640644367104,0.5794341364762504,0.0,0.0,0.0,0.006366164579864737,0.00603093871464483,0.00033473182620225456,1.7625104148218825e-07,3.177967834240228e-07
106.0,0.601406411574728,0.017053508176166257,0.5781839979836481,0.0,0.0,0.0,0.006168905769620488,0.005843823620106873,0.0003246065111070654,1.6989439368259007e-07,3.056840133336249e-07
107.0,0.59967587837651,0.016760609908661475,0.5769338594910457,0.0,0.0,0.0,0.0059814092580214645,0.0056663816485312555,0.0003145693423916304,1.635933610032665e-07,2.9460333843766054e-07
108.0,0.5979526198007983,0.016467711641156697,0.5756837209984433,0.0,0.0,0.0,0.005801187260727268,0.005495539747503199,0.0003052060094386355,1.5772029516393197e-07,2.837202830742878e-07
109.0,0.596234868997648,0.016174813373651915,0.574433582505841,0.0,0.0,0.0,0.005626473331306141,0.0053300390251465515,0.00029600873458980755,1.5202710597466493e-07,2.735008868615671e-07
110.0,0.5945251621436142,0.015881915106147133,0.5731834440132386,0.0,0.0,0.0,0.005459803355014935,0.005172120268137861,0.0002872727248640807,1.4662201894523883e-07,2.636926793244086e-07
111.0,0.5928221151083637,0.015589016838642352,0.5719333055206363,0.0,0.0,0.0,0.0052997926553525155,0.005020556887251064,0.00027883996646650293,1.415281135221978e-07,2.542476720159897e-07
112.0,0.5911259804930494,0.01529611857113757,0.5706831670280338,0.0,0.0,0.0,0.005146694671084037,0.004875658920275617,0.0002706538331268375,1.3656073721363987e-07,2.452994879371245e-07
113.0,0.5896153116434165,0.015050680628768104,0.569564875919596,0.0,0.0,0.0,0.004999755726804896,0.004736473615060482,0.00026291351611534814,1.3185977324952983e-07,2.36748657947695e-07
114.0,0.588146837491005,0.014814129939064611,0.5684796938808345,0.0,0.0,0.0,0.0048530142357779815,0.004597288309845348,0.00025536993680492137,1.273716932586202e-07,2.286716736690269e-07
115.0,0.5866899237628834,0.014577579249361119,0.567394511842073,0.0,0.0,0.0,0.0047178335075508055,0.0044693938089060015,0.00024809580113778734,1.2309743599565348e-07,2.2076494874942228e-07
116.0,0.5852340391603122,0.014341028559657625,0.5663093298033114,0.0,0.0,0.0,0.0045836800413002424,0.004342185696958434,0.00024116202381646543,1.189935846376393e-07,2.1325641070850443e-07
117.0,0.5837851070003132,0.014104477869954132,0.5652241477645499,0.0,0.0,0.0,0.004456481705768912,0.004221646996979954,0.00023451369408112517,1.1504591185813988e-07,2.060163915665192e-07
118.0,0.5823393859871161,0.01386792718025064,0.5641389657257883,0.0,0.0,0.0,0.0043324934666059125,0.004104069777028495,0.00022811308790933493,1.1130085466748093e-07,1.9928054228847483e-07
119.0,0.5808990431575272,0.013631376490547147,0.5630537836870267,0.0,0.0,0.0,0.0042138836128989485,0.003991870929264583,0.0002217124817375447,1.0766268769475837e-07,1.925446930104305e-07
120.0,0.5794616127771065,0.013394825800843654,0.5619686016482651,0.0,0.0,0.0,0.004098185882663304,0.0038821202227212453,0.00021577515521745906,1.0419766556828518e-07,1.8630774844549363e-07
121.0,0.5780362231593567,0.013164415861220746,0.5608834196095036,0.0,0.0,0.0,0.003988387353888579,0.0037781739021356545,0.00020993227313733151,1.0094581445588773e-07,1.8021052417574723e-07
122.0,0.5766539906935826,0.012973877430567483,0.5597982375707421,0.0,0.0,0.0,0.0038818755856249816,0.0036773142437966136,0.0002042892158140942,9.77404925299125e-08,1.7433899619764182e-07
123.0,0.5752772098439054,0.012783338999914219,0.5587130555319805,0.0,0.0,0.0,0.0037808150325326236,0.0035816572607698656,0.00019889428693760152,9.463216699819007e-08,1.6883352937844863e-07
124.0,0.5739005458821815,0.012592800569260956,0.557627873493219,0.0,0.0,0.0,0.0036798714136500464,0.0034860002777431175,0.00019361591249562543,9.169413376645497e-08,1.634997441245774e-07
125.0,0.5725281031020203,0.012402262138607694,0.5565426914544573,0.0,0.0,0.0,0.0035831492721923983,0.0033943173085066833,0.00018858468091004696,8.884635451139023e-08,1.5838373068578506e-07
126.0,0.5711594509204643,0.01221172370795443,0.5554572449742606,0.0,0.0,0.0,0.003490481816864144,0.0033065605409564984,0.00018368160107248987,8.610504501721083e-08,1.5349621583071017e-07
127.0,0.5697907289576247,0.012021185277301167,0.5543696589224514,0.0,0.0,0.0,0.003399884447489769,0.003220703905257033,0.00017894833444313316,8.353810048856868e-08,1.4874846436794062e-07
128.0,0.5684258676944187,0.011830646846647903,0.5532820728706422,0.0,0.0,0.0,0.0033131476566995955,0.0031384395625907776,0.00017448294376284457,8.097115595992653e-08,1.442132077974319e-07
129.0,0.567064959450021,0.01164010841599464,0.5521944868188331,0.0,0.0,0.0,0.0032303647932615054,0.0030600404649460677,0.0001701057441064981,7.858801797713698e-08,1.3994175931227682e-07
130.0,0.5657056799386689,0.011449569985341378,0.551106900767024,0.0,0.0,0.0,0.0031492096819747454,0.0029832691722307776,0.00016572854445015168,7.622747358532561e-08,1.3572138805965008e-07
131.0,0.5643758822131848,0.011287009747425997,0.5500193147152148,0.0,0.0,0.0,0.0030695585120416287,0.00290772250711125,0.0001616303724179951,7.401684365986815e-08,1.3164358706513646e-07
132.0,0.5630597982832678,0.011133183239126704,0.5489317286634057,0.0,0.0,0.0,0.0029948869738112,0.0028370680825848794,0.00015761930221717998,7.187569699431746e-08,1.277494299509008e-07
133.0,0.5617438349753089,0.010979356730827412,0.5478441426115965,0.0,0.0,0.0,0.002920335978112471,0.0027664136580585084,0.00015372854849777005,6.980143069303317e-08,1.239934994513891e-07
134.0,0.560431403383578,0.010825530222528119,0.5467565565597873,0.0,0.0,0.0,0.002849316741447819,0.002699156891400971,0.0001499716247341224,6.78221185068139e-08,1.2037688923148395e-07
135.0,0.5591210358278527,0.010671703714228827,0.5456689705079781,0.0,0.0,0.0,0.002780361054473484,0.002633777956002552,0.0001464003278088076,6.589475899884497e-08,1.1693936670457115e-07
136.0,0.5578154224883997,0.010517877205929536,0.544581384456169,0.0,0.0,0.0,0.002716160211181298,0.0025730851191352686,0.00014289749838092508,6.404711658374336e-08,1.1352908302399448e-07
137.0,0.5565098287009292,0.010364050697630243,0.5434937984043599,0.0,0.0,0.0,0.0026519802058794146,0.0025123922822679855,0.00013941534788302284,6.22645639145088e-08,1.1034779588179073e-07
138.0,0.5552044993727872,0.01021022418933095,0.5424062123525507,0.0,0.0,0.0,0.0025880623112696953,0.002451699445400702,0.0001361951410494474,6.05269078490944e-08,1.0716650873958699e-07
139.0,0.5539038233791378,0.010056397681031658,0.5413186263007416,0.0,0.0,0.0,0.0025287994767838103,0.0023956614189919387,0.00013297493421587198,5.8916242571297274e-08,1.0424280086579823e-07
140.0,0.5526039033187337,0.009902571172732366,0.5402310402489324,0.0,0.0,0.0,0.002470292185362396,0.0023402903604124252,0.0001298431663934066,5.7305577293500143e-08,1.0132937901936711e-07
141.0,0.5513327428582895,0.009777028974329567,0.5391434541971232,0.0,0.0,0.0,0.0024122588881566494,0.0022852381697862803,0.00012686645903975974,5.5720651025980086e-08,9.859474016359138e-08
142.0,0.5501770188234093,0.009652643943767763,0.5381660570986453,0.0,0.0,0.0,0.002358317259475641,0.0022341392471326095,0.00012402788498506274,5.4242830195892565e-08,9.589591951230674e-08
143.0,0.5490586184214994,0.009528258913205958,0.5372259072506438,0.0,0.0,0.0,0.0023044518472128163,0.002183040324478939,0.00012126547067974022,5.276864600935992e-08,9.332173605812894e-08
144.0,0.5479422214959955,0.009403873882644152,0.5362857574026424,0.0,0.0,0.0,0.0022525907085038997,0.0021339454281997603,0.0001185030563744177,5.138320784292978e-08,9.08603785722368e-08
145.0,0.5468273776551027,0.009279488852082348,0.535345607554641,0.0,0.0,0.0,0.002202280588259432,0.0020863131574073005,0.00011582891802483779,5.003491950432281e-08,8.846966898195477e-08
146.0,0.5457137003056451,0.009155103821520544,0.5344054577066395,0.0,0.0,0.0,0.0021531387839588572,0.0020396956066215796,0.00011330834836458792,4.8741900971802656e-08,8.607895939167276e-08
147.0,0.5446018491234637,0.00903071879095874,0.5334653078586381,0.0,0.0,0.0,0.002105822033849923,0.0019949029048979285,0.00011078777870433804,4.744888243928251e-08,8.384436586726103e-08
148.0,0.5434913900759507,0.008906333760396935,0.5325251580106367,0.0,0.0,0.0,0.002059898030218802,0.0019514189111201623,0.0001083512650381057,4.6249541252424775e-08,8.164326271816186e-08
149.0,0.5423831227078324,0.008781948729835131,0.5315850081626353,0.0,0.0,0.0,0.0020161658588523333,0.001910016495176374,0.00010602481424730668,4.505939183222974e-08,7.953387380953143e-08
150.0,0.5412748556115917,0.008657563699273327,0.5306448583146338,0.0,0.0,0.0,0.0019724337952997115,0.0018686140792325855,0.00010369836345650767,4.390911000955229e-08,7.747508991972308e-08
151.0,0.5401750214790937,0.008541482099012019,0.5297047084666324,0.0,0.0,0.0,0.0019288309090207479,0.0018272116632887972,0.00010150094644286641,4.2824878754919394e-08,7.553872381679493e-08
152.0,0.539093998827219,0.008441145464825611,0.528764558618631,0.0,0.0,0.0,0.0018882942854310622,0.001788846814055721,9.933208472723448e-05,4.17406475002865e-08,7.360235771386678e-08
153.0,0.538013485780707,0.008340808830639203,0.5278244087706296,0.0,0.0,0.0,0.0018482682722082873,0.0017509288011888222,9.722694407843216e-05,4.073021271476794e-08,7.175748967619525e-08
154.0,0.5369334775333502,0.008240472196452795,0.5268842589226281,0.0,0.0,0.0,0.0018087462211088582,0.0017134492480486362,9.518722923517476e-05,3.9720600982581976e-08,6.996924892275581e-08
155.0,0.5358555145264304,0.008140135562266388,0.5259441090746267,0.0,0.0,0.0,0.0017712705990195578,0.0016779500030508897,9.321363528459449e-05,3.8764048735149964e-08,6.81992010107213e-08
156.0,0.534777959969196,0.00803979892807998,0.5250039592266253,0.0,0.0,0.0,0.0017342020215225368,0.0016427696996893207,9.132799165211992e-05,3.78155133016007e-08,6.656474589891275e-08
157.0,0.5337025022342181,0.007939462293893574,0.5240638093786238,0.0,0.0,0.0,0.0016992304616741177,0.0016096862948698591,8.944234801964536e-05,3.6916741490179984e-08,6.493029078710421e-08
158.0,0.5326270436280242,0.007839125659707166,0.5231236595306225,0.0,0.0,0.0,0.0016642590218340528,0.0015766028900503978,8.755670438717078e-05,3.603829625062509e-08,6.338596839302022e-08
159.0,0.5315655274257807,0.007738789025520758,0.5221973139424334,0.0,0.0,0.0,0.001629424747368705,0.0015435378580198823,8.578983392901226e-05,3.52007644411479e-08,6.185472735001658e-08
160.0,0.5305199820505463,0.00763845239133435,0.5212842312705346,0.0,0.0,0.0,0.0015972979881993408,0.0015131405334557078,8.40627073393884e-05,3.436323263167071e-08,6.039835493944898e-08
161.0,0.5294744356712814,0.007538115757147942,0.5203711485986359,0.0,0.0,0.0,0.0015651713120657287,0.001482743208891533,8.233558074976454e-05,3.354913254747526e-08,5.8964143076641335e-08
162.0,0.528428992306542,0.0074377791229615344,0.519458065926737,0.0,0.0,0.0,0.0015331471906960463,0.0014523458843273586,8.071090257957295e-05,3.277451770414072e-08,5.7619718813026975e-08
163.0,0.527401857297729,0.007353371216042118,0.5185449832548382,0.0,0.0,0.0,0.0015035025109935848,0.001424320526829058,7.909370072004969e-05,3.2007396633921844e-08,5.627529454941262e-08
164.0,0.5263788519962228,0.007272483577297703,0.5176319005829395,0.0,0.0,0.0,0.0014744684250272049,0.0013968193769484905,7.756289511844756e-05,3.129471584721441e-08,5.493087028579827e-08
165.0,0.525355872001181,0.007191595938553288,0.5167188179110407,0.0,0.0,0.0,0.0014454580469601733,0.001369318227067923,7.605559076986826e-05,3.058203506050698e-08,5.369046850801043e-08
166.0,0.5243335226168954,0.0071107082998088725,0.515805735239142,0.0,0.0,0.0,0.0014170791273588528,0.0013424485028767428,7.454828642128897e-05,2.986935427379955e-08,5.245142626365302e-08
167.0,0.5233128608176897,0.0070298206610644575,0.5148926525672431,0.0,0.0,0.0,0.0013903868238341556,0.0013172026219436899,7.310375153881617e-05,2.9203224849990487e-08,5.125635966849989e-08
168.0,0.5222922577212905,0.0069489330223200425,0.5139795698953443,0.0,0.0,0.0,0.0013637540771990983,0.0012919567410106369,7.171864213557576e-05,2.8558547030051494e-08,5.0090854315294914e-08
169.0,0.5212718720450518,0.006868045383575627,0.5130664872234456,0.0,0.0,0.0,0.0013373398835827316,0.0012669294620728118,7.033353273233533e-05,2.7913869210112504e-08,4.898315284689402e-08
170.0,0.5202531138322001,0.006787157744831212,0.5121534045515468,0.0,0.0,0.0,0.0013125515635764651,0.0012435046422374515,6.897170966567888e-05,2.7279934153027327e-08,4.7891435291187175e-08
171.0,0.5192344639186706,0.006706270106086797,0.5112403218796481,0.0,0.0,0.0,0.0012878724513316134,0.0012200798224020909,6.771921037965931e-05,2.6696433798087293e-08,4.680172125517426e-08
172.0,0.5182162700284303,0.006625382467342381,0.5103272392077493,0.0,0.0,0.0,0.0012636476776039512,0.0011971090677408416,6.646671109363974e-05,2.6112933443147255e-08,4.5792565190130596e-08
173.0,0.5171991053545193,0.006544494828597966,0.5094141565358504,0.0,0.0,0.0,0.0012404540938532808,0.0011751695335009695,6.521421180762017e-05,2.555522507107934e-08,4.478340912508693e-08
174.0,0.516181989864632,0.006463607189853551,0.5085010738639517,0.0,0.0,0.0,0.0012173086618362627,0.0011532299992610975,6.400988251928502e-05,2.5007849965273882e-08,4.3793428236446095e-08
175.0,0.5151743305874338,0.006391138204578882,0.5075879911920529,0.0,0.0,0.0,0.001195201142104092,0.0011322738496518825,6.285991643934809e-05,2.447632761488369e-08,4.287147170029203e-08
176.0,0.5141743517773678,0.006326111684372422,0.5066749085201542,0.0,0.0,0.0,0.0011733322560196395,0.0011115563332401016,6.170995035941118e-05,2.395881980717981e-08,4.194951516413796e-08
177.0,0.5131752474892781,0.0062610851641659625,0.5057618258482554,0.0,0.0,0.0,0.0011523365171759927,0.001091698688467523,6.057331081679024e-05,2.34627241783058e-08,4.106784630716981e-08
178.0,0.512198373346369,0.006196058643959503,0.5048702984047875,0.0,0.0,0.0,0.001132016600465869,0.0010724472963559509,5.950614500349833e-05,2.298103454924614e-08,4.020336821954455e-08
179.0,0.5113267420130506,0.006131032123753043,0.5040840134318538,0.0,0.0,0.0,0.0011116966992981714,0.0010531959042443786,5.8438979190206435e-05,2.249934492018648e-08,3.936096086114689e-08
180.0,0.5104551249025431,0.0060660056035465836,0.5032977284589201,0.0,0.0,0.0,0.0010913913077937854,0.0010339445121328066,5.738625830257206e-05,2.202371331327004e-08,3.8543756089136294e-08
181.0,0.5095845256679429,0.006000979083340124,0.5025114434859863,0.0,0.0,0.0,0.0010721032709848292,0.0010156573293025875,5.638659592712496e-05,2.157909190431342e-08,3.7754365490163305e-08
182.0,0.5087144770006011,0.005935952563133664,0.5017251585130525,0.0,0.0,0.0,0.0010533661512430361,0.0009979210247238804,5.538693355167786e-05,2.1134470495356806e-08,3.6994054844756603e-08
183.0,0.5078444617457689,0.0058709260429272055,0.5009388735401188,0.0,0.0,0.0,0.001034662015426803,0.0009801847201451734,5.442033417846496e-05,2.070396928303013e-08,3.62337441993499e-08
184.0,0.5069751189057421,0.005805899522720746,0.5001525885671851,0.0,0.0,0.0,0.0010166315875759044,0.0009630995640931868,5.347622670888756e-05,2.0285311706572252e-08,3.54734335539432e-08
185.0,0.5061062019192043,0.005740873002514286,0.4993663035942514,0.0,0.0,0.0,0.000999025363588634,0.0009464204835732948,5.25502774016825e-05,1.9881083417288172e-08,3.477047808177635e-08
186.0,0.5052376696621085,0.0056758464823078265,0.4985800186213176,0.0,0.0,0.0,0.0009818044812856025,0.000930078115998254,5.16728357263467e-05,1.9488464952269477e-08,3.406902331684998e-08
187.0,0.5043698617594734,0.005610819962101367,0.49779373364838386,0.0,0.0,0.0,0.0009653078396437235,0.0009144599530086687,5.0795394051010894e-05,1.9095846487250784e-08,3.337965804324792e-08
188.0,0.5035020526453455,0.005545793441894907,0.49700744867545016,0.0,0.0,0.0,0.0009488111734897013,0.0008988417900190834,4.991795237567509e-05,1.871865761878734e-08,3.2719339108232906e-08
189.0,0.5026457326734792,0.00549224536093561,0.4962211637025164,0.0,0.0,0.0,0.0009323239757710528,0.0008832236270294982,4.9049887293761025e-05,1.8355216009384345e-08,3.2069643910127377e-08
190.0,0.5017918094822674,0.005440067815914454,0.4954348787295827,0.0,0.0,0.0,0.0009168631589852624,0.0008685724090307763,4.824132126976239e-05,1.7991774399981346e-08,3.145052764229674e-08
191.0,0.5009381049293289,0.005387890270893298,0.49464859375664894,0.0,0.0,0.0,0.0009016211684732415,0.0008541400108918257,4.7432755245763744e-05,1.7642314249873678e-08,3.08314113744661e-08
192.0,0.5000844015154775,0.005335712725872141,0.4938623087837152,0.0,0.0,0.0,0.0008863793266501615,0.0008397076127528751,4.66241892217651e-05,1.730967559111031e-08,3.021979238770631e-08
193.0,0.4992310628339443,0.005283535180850984,0.49307602381078147,0.0,0.0,0.0,0.0008715041169439954,0.0008255950061491238,4.586247514454219e-05,1.697703693234694e-08,2.9646938783910696e-08
194.0,0.49837869885022346,0.005231357635829828,0.4922897388378477,0.0,0.0,0.0,0.0008576024573696836,0.0008124546950210794,4.5102046627582264e-05,1.6658507932397046e-08,2.907408518011508e-08
195.0,0.4975263628437427,0.005179180090808672,0.491503453864914,0.0,0.0,0.0,0.0008437281418790704,0.0007993143838930351,4.436893810574272e-05,1.6346261959858338e-08,2.8501992855573356e-08
196.0,0.4966740461188693,0.005127002545787515,0.49071716889198025,0.0,0.0,0.0,0.0008298748587566156,0.0007861740727649907,4.365673978583529e-05,1.603808901085325e-08,2.797825404235137e-08
197.0,0.49582205543934205,0.005074825000766359,0.4899308839190465,0.0,0.0,0.0,0.0008163459384127075,0.0007733582510424042,4.294454146592786e-05,1.574265114120784e-08,2.745451522912938e-08
198.0,0.49497073821622534,0.005022647455745202,0.4891445989461128,0.0,0.0,0.0,0.0008034923444983816,0.0007612175560906737,4.223234314602043e-05,1.5448697852418152e-08,2.6936860024711243e-08
199.0,0.4941194712255702,0.004970469910724046,0.488358313973179,0.0,0.0,0.0,0.0007906872318052598,0.0007490768611389432,4.156872343557409e-05,1.5173458911392923e-08,2.6445282561485025e-08
200.0,0.4932876156706427,0.004918292365702889,0.48759143604593946,0.0,0.0,0.0,0.0007778875556435197,0.0007369361661872127,4.091053117174551e-05,1.4898219970367697e-08,2.5953705098258804e-08
201.0,0.4924783169675222,0.004866114820681733,0.486846442659589,0.0,0.0,0.0,0.0007657590984047082,0.0007254667228198138,4.025233890791693e-05,1.4622981029342469e-08,2.5480318725417412e-08
202.0,0.49166916696790425,0.004813937275660577,0.4861014492732385,0.0,0.0,0.0,0.0007537809714334104,0.0007141380411413166,3.960352400856983e-05,1.435234860163587e-08,2.5015393937239725e-08
203.0,0.4908649202858325,0.0047666139514201,0.485356455886888,0.0,0.0,0.0,0.0007418507486238998,0.0007028093594628193,3.900272075625583e-05,1.4098041316865491e-08,2.4565224696434454e-08
204.0,0.49006677510612884,0.004724916700673,0.4846114625005376,0.0,0.0,0.0,0.0007303966038097244,0.0006919567298084336,3.840191750394183e-05,1.3843734032095112e-08,2.4132157231115492e-08
205.0,0.48926882012899403,0.004683219449925898,0.4838664691141871,0.0,0.0,0.0,0.0007191322881051399,0.0006812939128959881,3.780111425162783e-05,1.3593539967353871e-08,2.369908976579653e-08
206.0,0.4884708806502929,0.004641522199178798,0.48312147572783665,0.0,0.0,0.0,0.0007078830195134916,0.0006706310959835427,3.721524541662715e-05,1.3353878189929487e-08,2.3266022300477568e-08
207.0,0.4876737258476841,0.0045998249484316975,0.48237648234148617,0.0,0.0,0.0,0.000697419113903238,0.0006607262431398263,3.6656895054443914e-05,1.3114928827181473e-08,2.285017288940339e-08
208.0,0.48687660946012085,0.004558127697684596,0.48163148895513574,0.0,0.0,0.0,0.0006869930579781908,0.0006508591606250287,3.6098544692260675e-05,1.2889994881485584e-08,2.245021783099532e-08
209.0,0.4860794930725576,0.004516430446937496,0.48088649556878527,0.0,0.0,0.0,0.0006765670020531438,0.0006409920781102311,3.554019433007744e-05,1.2665060935789694e-08,2.2050262772587254e-08
210.0,0.48528240960896424,0.004474733196190395,0.4801415021824348,0.0,0.0,0.0,0.0006661740990562313,0.0006311249955954335,3.501501401183911e-05,1.2440126990093804e-08,2.1662186734148127e-08
211.0,0.48448535046653646,0.004433035945443294,0.4793965087960843,0.0,0.0,0.0,0.0006558053498721815,0.0006212805919134687,3.4491301398951694e-05,1.222598458627543e-08,2.128541939064221e-08
212.0,0.4836890863724692,0.004391338694696194,0.4786515154097339,0.0,0.0,0.0,0.0006462329017446281,0.0006122323580711464,3.396758878606427e-05,1.2017553386888772e-08,2.0913929305881532e-08
213.0,0.4828928505182092,0.004349641443949092,0.4779065220233834,0.0,0.0,0.0,0.0006366873295910014,0.000603184124228824,3.347083004763764e-05,1.1809122187502114e-08,2.0560326731640168e-08
214.0,0.48209661644217494,0.004307944193201992,0.47716152863703293,0.0,0.0,0.0,0.0006271434450444291,0.0005941358903865016,3.297573654049805e-05,1.1604191939205707e-08,2.0206724157398807e-08
215.0,0.4813005370241988,0.0042662469424548915,0.47641653525068245,0.0,0.0,0.0,0.0006177549483524639,0.0005852338790697246,3.248980568901989e-05,1.1412939106307034e-08,1.9853121583157443e-08
216.0,0.4805049063013909,0.00422454969170779,0.475671541864332,0.0,0.0,0.0,0.0006088144108037655,0.0005767546642509779,3.202898957494012e-05,1.1221686273408359e-08,1.9519233366799074e-08
217.0,0.4797092747412965,0.00418285244096069,0.47492654847798155,0.0,0.0,0.0,0.0005998738564003924,0.0005682754494322313,3.1568173460860354e-05,1.103478148980504e-08,1.919176699942029e-08
218.0,0.47891386194001706,0.004141155190213589,0.47418155509163107,0.0,0.0,0.0,0.0005911521776109943,0.000560015123324657,3.110735734678058e-05,1.0853963465996531e-08,1.8864300632041505e-08
219.0,0.4781195241963141,0.004100182057952067,0.4734365617052806,0.0,0.0,0.0,0.000582780512543375,0.0005521047934214241,3.064654123270082e-05,1.0673145442188023e-08,1.8542735878141064e-08
220.0,0.47733290129381584,0.004066906062575876,0.47269156831893017,0.0,0.0,0.0,0.0005744269630212373,0.0005441944635181914,3.0203686001276958e-05,1.0504208334387975e-08,1.824163954417757e-08
221.0,0.4765462953150844,0.004033630067199685,0.4719465749325797,0.0,0.0,0.0,0.0005660908818743011,0.0005362841336149586,2.977840060146775e-05,1.0335920622535353e-08,1.7940543210214074e-08
222.0,0.47575969224681336,0.0040003540718234944,0.4712015815462292,0.0,0.0,0.0,0.0005577573986967165,0.0005283765093421022,2.935311520165854e-05,1.016763291068273e-08,1.7654161259141967e-08
223.0,0.47497372104736946,0.003967078076447304,0.47045658815987873,0.0,0.0,0.0,0.0005500547673170956,0.000521099519882823,2.8927829801849334e-05,9.999345198830108e-09,1.7374374861095925e-08
224.0,0.4742010002386449,0.003933802081071113,0.4697248240487013,0.0,0.0,0.0,0.0005423734182296066,0.0005138225304235438,2.852400700231265e-05,9.838326687365999e-09,1.7094588463049883e-08
225.0,0.4735207455158919,0.003900526085694922,0.4690855236578931,0.0,0.0,0.0,0.0005346955065421859,0.0005065455409642644,2.8123534430860773e-05,9.68301074923455e-09,1.681480206500384e-08
226.0,0.4728404929432198,0.0038672500903187313,0.46844622326708485,0.0,0.0,0.0,0.0005270200946669154,0.0004992685515049852,2.772543532709388e-05,9.527694811103101e-09,1.6539110303544926e-08
227.0,0.4721606122613911,0.0038339740949425404,0.4678069228762766,0.0,0.0,0.0,0.0005197157753907556,0.0004923401741667791,2.73499424189091e-05,9.374302063467542e-09,1.6281288483264806e-08
228.0,0.4714810341248149,0.00380069809956635,0.4671676224854684,0.0,0.0,0.0,0.0005127137627063843,0.00048571406618821885,2.6974449510724317e-05,9.228059404961174e-09,1.6023466662984686e-08
229.0,0.4708014559882387,0.003767422104190159,0.46652832209466016,0.0,0.0,0.0,0.0005057117500220129,0.00047908795820965865,2.6598956602539537e-05,9.081816746454805e-09,1.576564484270457e-08
230.0,0.47012187731926386,0.003734146108813968,0.46588902170385194,0.0,0.0,0.0,0.0004987097893878203,0.00047246185023109845,2.6223463694354753e-05,8.941655807092719e-09,1.551930310663009e-08
231.0,0.46944257666136513,0.0037008701134377776,0.46524972131304376,0.0,0.0,0.0,0.0004919858247070367,0.00046608933741454546,2.5872405466995854e-05,8.804520858965581e-09,1.5276822654963258e-08
232.0,0.4687634559129105,0.0036675941180615867,0.46461042092223553,0.0,0.0,0.0,0.00048544111800607456,0.00045989252494794557,2.5524823075880155e-05,8.667385910838443e-09,1.5036425994165074e-08
233.0,0.46808433509022845,0.003634318122685396,0.4639711205314273,0.0,0.0,0.0,0.00047889635199490694,0.0004536957124813457,2.5177240684764456e-05,8.530250962711303e-09,1.4809333498727139e-08
234.0,0.46740524335286115,0.0036010421273092053,0.4633318201406191,0.0,0.0,0.0,0.0004723806409975828,0.0004475280472974112,2.4829658293648758e-05,8.40125209209683e-09,1.4582241003289201e-08
235.0,0.46672649157221774,0.0035677661319330144,0.46269251974981085,0.0,0.0,0.0,0.0004662055954177344,0.00044168398365586515,2.449895689220677e-05,8.274314915061824e-09,1.4355148507851264e-08
236.0,0.466048831811669,0.003535569363576124,0.4620532193590026,0.0,0.0,0.0,0.00046004278733584406,0.00043583992001431916,2.4180625912759264e-05,8.147377738026818e-09,1.4130811063287164e-08
237.0,0.4653768312584286,0.0035090328085462686,0.4614139189681944,0.0,0.0,0.0,0.00045388010202952153,0.0004299958563727731,2.3862294933311754e-05,8.020440560991812e-09,1.3920923012033155e-08
238.0,0.4647052409921697,0.0034824962535164126,0.46077461857738616,0.0,0.0,0.0,0.0004481269127957241,0.0004245613562323393,2.3543963953864245e-05,7.902517370614296e-09,1.3711034960779148e-08
239.0,0.46403367990135574,0.003455959698486557,0.46013531818657794,0.0,0.0,0.0,0.0004424025991011305,0.0004191398462360686,2.3241450575763545e-05,7.786029981032908e-09,1.350114690952514e-08
240.0,0.46336212226614354,0.003429423143456701,0.4594960177957697,0.0,0.0,0.0,0.0004366813315079199,0.0004137183362397978,2.2942026715467842e-05,7.66954259145152e-09,1.3293312198326268e-08
241.0,0.4626905647094063,0.0034028865884268454,0.4588567174049615,0.0,0.0,0.0,0.00043096008472077194,0.0004082968262435271,2.2642602855172142e-05,7.557888025663367e-09,1.3101019177536146e-08
242.0,0.462019017507034,0.0033763500333969894,0.45821741701415325,0.0,0.0,0.0,0.00042525049437448147,0.0004028753162472563,2.2354785021093523e-05,7.447667158810766e-09,1.2908726156746023e-08
243.0,0.46134766481357364,0.0033498134783671333,0.457578116623345,0.0,0.0,0.0,0.0004197352447793701,0.0003976372355668839,2.2077909130430367e-05,7.337696645748482e-09,1.2719759763291346e-08
244.0,0.4606765654069557,0.0033232769233372777,0.4569388162325368,0.0,0.0,0.0,0.0004144724574128004,0.0003926516130941943,2.180103323976721e-05,7.235014739095728e-09,1.2541285714604484e-08
245.0,0.4600054660003377,0.0032967403683074217,0.45629951584172856,0.0,0.0,0.0,0.0004092096700462307,0.0003876659906215046,2.152415734910406e-05,7.132332832442972e-09,1.2362811665917623e-08
246.0,0.45933436659371973,0.003270203813277566,0.45566021545092034,0.0,0.0,0.0,0.00040394688267966105,0.00038268036814881497,2.1247281458440903e-05,7.029650925790218e-09,1.2184337617230763e-08
247.0,0.4586633198490015,0.00324366725824771,0.4550209150601121,0.0,0.0,0.0,0.00039873706814560166,0.00037774771866451646,2.0970405567777747e-05,6.9269690191374635e-09,1.2005863568543901e-08
248.0,0.457992537340737,0.0032171307032178545,0.4543816146693039,0.0,0.0,0.0,0.0003937917303585423,0.00037306580382101795,2.0707228133034185e-05,6.825587814264465e-09,1.182916610220095e-08
249.0,0.45732176468651586,0.0031905941481879985,0.45374231427849565,0.0,0.0,0.0,0.0003888559231928417,0.0003683838889775195,2.0453586543320677e-05,6.730722765967068e-09,1.166495423054402e-08
250.0,0.45665099203229464,0.003164057593158143,0.4531030138876874,0.0,0.0,0.0,0.000383920116027141,0.000363701974134021,2.019994495360717e-05,6.635857717669672e-09,1.1500742358887091e-08
251.0,0.4559805048154924,0.003137521038128287,0.4524637134968792,0.0,0.0,0.0,0.00037927059763009176,0.00035930638909230264,1.9946303363893662e-05,6.540992669372275e-09,1.1336530487230161e-08
252.0,0.4553473609677649,0.0031109844830984313,0.45186173592817963,0.0,0.0,0.0,0.0003746399606011748,0.0003549287851745656,1.969347718838459e-05,6.4485984228054925e-09,1.1174475252904962e-08
253.0,0.45472298601923045,0.0030844479280685753,0.45126851309553023,0.0,0.0,0.0,0.00037002460863786894,0.0003505511812568286,1.9455980496394806e-05,6.359194687429554e-09,1.1020210649240913e-08
254.0,0.45409861107069593,0.0030579113730387197,0.4506752902628808,0.0,0.0,0.0,0.0003654092566745631,0.0003461735773390916,1.921848380440502e-05,6.269790952053615e-09,1.0865946045576863e-08
255.0,0.45347429952757956,0.003031434551837912,0.4500820674302314,0.0,0.0,0.0,0.0003607976402532965,0.0003417997260845187,1.8980987112415236e-05,6.1838507681899926e-09,1.0714127322861117e-08
256.0,0.4528556797158938,0.003010303284026252,0.4494888445975819,0.0,0.0,0.0,0.0003565313130500268,0.0003377616989620161,1.875298732443565e-05,6.099940748503333e-09,1.0569820990739307e-08
257.0,0.4522370658009508,0.0029891720162145917,0.44889562176493253,0.0,0.0,0.0,0.0003522716219694856,0.0003337236718395135,1.853154256980296e-05,6.016030728816672e-09,1.0425514658617497e-08
258.0,0.45161845188600774,0.0029680407484029316,0.44830239893228313,0.0,0.0,0.0,0.0003480119308889444,0.0003296856447170109,1.8310097815170266e-05,5.932120709130012e-09,1.0281208326495687e-08
259.0,0.4509998380638701,0.0029469094805912714,0.4477091760996337,0.0,0.0,0.0,0.00034375228247097994,0.00032564761759450834,1.808865306053757e-05,5.850293228853097e-09,1.0136901994373877e-08
260.0,0.45038122348987086,0.0029257782127796116,0.4471159532669843,0.0,0.0,0.0,0.00033949251049341343,0.00032160959047200575,1.7867208305904877e-05,5.7725437664008375e-09,1.0000642119782247e-08
261.0,0.44976296341505884,0.0029046469449679514,0.4465227304343348,0.0,0.0,0.0,0.0003355855124649234,0.0003179184871265664,1.7651393525469563e-05,5.6947943039485786e-09,9.867465805504218e-09
262.0,0.449144719805814,0.0028835156771562912,0.4459295076016854,0.0,0.0,0.0,0.0003316963262391033,0.0003142330248181524,1.7447873316106515e-05,5.617044841496319e-09,9.73428949122619e-09
263.0,0.44852647619656916,0.002862384409344631,0.44533628476903603,0.0,0.0,0.0,0.00032780714001328314,0.00031054756250973843,1.7244353106743463e-05,5.53929537904406e-09,9.601113176948161e-09
264.0,0.4479082332356482,0.002841253141532971,0.4447430619363866,0.0,0.0,0.0,0.0003239178603470034,0.0003068621002013245,1.704083289738041e-05,5.4677398668841935e-09,9.469682783611957e-09
265.0,0.44729017091555684,0.0028201218737213107,0.4441498391037372,0.0,0.0,0.0,0.00032020952093941965,0.00030335744175160424,1.6837312688017363e-05,5.396354923844586e-09,9.351055810515803e-09
266.0,0.4466721444924751,0.002798990605909651,0.4435566162710877,0.0,0.0,0.0,0.00031653677060184977,0.0002998884770449961,1.663379247865431e-05,5.324969980804979e-09,9.232428837419648e-09
267.0,0.44605413394668136,0.0027778593380979907,0.4429633934384383,0.0,0.0,0.0,0.00031288089835719823,0.000296419512338388,1.6447024345990136e-05,5.255650973150247e-09,9.113801864323493e-09
268.0,0.44543616406832076,0.0027567280702863305,0.4423701706057889,0.0,0.0,0.0,0.0003092652903419161,0.0002929895192039802,1.6261565674846895e-05,5.188061556512742e-09,8.99517489122734e-09
269.0,0.44481841371874464,0.0027355968024746703,0.4417769477731395,0.0,0.0,0.0,0.0003058693930054092,0.00028977932815890396,1.6076107003703654e-05,5.120472139875236e-09,8.876547918131184e-09
270.0,0.4442006645180001,0.00271446553466301,0.4411837249404901,0.0,0.0,0.0,0.0003024735602423577,0.0002865691371138277,1.5890648332560413e-05,5.055194756990271e-09,8.759817269429299e-09
271.0,0.44358292145872713,0.00269333426685135,0.4405905021078406,0.0,0.0,0.0,0.00029908517563287775,0.00028335894606875144,1.5712600066089867e-05,4.9921621583380225e-09,8.651068683734467e-09
272.0,0.4429651825977072,0.0026722029990396898,0.4399972792751912,0.0,0.0,0.0,0.0002957002057166724,0.0002801487550236752,1.5538007409599097e-05,4.929129559685773e-09,8.542320098039636e-09
273.0,0.4423474437366872,0.00265107173122803,0.4394040564425418,0.0,0.0,0.0,0.00029231523580046707,0.0002769385639785989,1.5363414753108328e-05,4.866096961033523e-09,8.433571512344804e-09
274.0,0.4417297048756672,0.00262994046341637,0.43881083360989237,0.0,0.0,0.0,0.0002889302658842617,0.00027372837293352265,1.5188822096617558e-05,4.803064362381274e-09,8.324822926649973e-09
275.0,0.4411125890428345,0.0026092675266436833,0.43821761077724297,0.0,0.0,0.0,0.00028571124604839576,0.00027067221539940677,1.5026069182887454e-05,4.740548412985571e-09,8.220596493478429e-09
276.0,0.4404993251793615,0.0025923323151812875,0.4376243879445935,0.0,0.0,0.0,0.0002826055227967953,0.0002677282488692426,1.4864464168957441e-05,4.682245778505358e-09,8.118713082729266e-09
277.0,0.43988606131588853,0.002575397103718892,0.4370311651119441,0.0,0.0,0.0,0.00027949979954519486,0.00026478428233907845,1.4702859155027428e-05,4.623943144025144e-09,8.016829671980104e-09
278.0,0.43927279754486537,0.0025584618922564963,0.4364379422792947,0.0,0.0,0.0,0.00027639407375602663,0.0002618403158089143,1.4541254141097417e-05,4.565640509544931e-09,7.91637814508159e-09
279.0,0.4386595341240497,0.0025415266807941005,0.43584471944664527,0.0,0.0,0.0,0.00027328833835434964,0.0002588963492787501,1.4379649127167404e-05,4.507337875064718e-09,7.821350708183033e-09
280.0,0.43804637103938987,0.0025245914693317047,0.43525149661399587,0.0,0.0,0.0,0.00027028331407420063,0.000256053060042248,1.421804411323739e-05,4.4536526444461214e-09,7.726323271284478e-09
281.0,0.4374332945281881,0.0025076562578693093,0.4346582737813464,0.0,0.0,0.0,0.0002673651717650807,0.00025329417397436003,1.4058931749981106e-05,4.400015114521608e-09,7.631295834385922e-09
282.0,0.43683394817998283,0.0024907210464069135,0.434078769031146,0.0,0.0,0.0,0.0002644578414164033,0.000250535287906472,1.3910692226878009e-05,4.346377584597094e-09,7.536268397487366e-09
283.0,0.4363066476287152,0.0024737858349445177,0.43357131101530794,0.0,0.0,0.0,0.00026155051106772583,0.000247776401838584,1.376245270377491e-05,4.29274005467258e-09,7.44124096058881e-09
284.0,0.43577947758379215,0.0024568506234821223,0.43306385299946987,0.0,0.0,0.0,0.0002587741388349631,0.00024514838688794236,1.3614213180671812e-05,4.239102524748066e-09,7.353488187821227e-09
285.0,0.4352523619277632,0.0024399154120197265,0.43255639498363174,0.0,0.0,0.0,0.00025605188668727344,0.00024257448367779572,1.3465973657568715e-05,4.185464994823552e-09,7.266097752598136e-09
286.0,0.434725247315835,0.0024229802005573307,0.4320489369677937,0.0,0.0,0.0,0.0002533298721095385,0.00024000058046764908,1.3318055579153373e-05,4.135377931040754e-09,7.178707317375045e-09
287.0,0.4341981412705909,0.002406044989094935,0.4315414789519556,0.0,0.0,0.0,0.00025061693065262105,0.00023742667725750244,1.3179107976260593e-05,4.086852258552608e-09,7.091316882151954e-09
288.0,0.43367103522534683,0.0023891097776325395,0.43103402093611753,0.0,0.0,0.0,0.0002479039891957036,0.0002348527740473558,1.3040160373367813e-05,4.038326586064461e-09,7.003926446928864e-09
289.0,0.4331439288563487,0.0023721745661701437,0.43052656292027947,0.0,0.0,0.0,0.00024519105088692886,0.0002322788708372092,1.2901212770475035e-05,3.989800913576314e-09,6.922263874337035e-09
290.0,0.4326169984942716,0.002355239354707748,0.4300191049044414,0.0,0.0,0.0,0.00024265481885717236,0.00022988081386103994,1.2763275557114298e-05,3.9412752410881674e-09,6.844471064166327e-09
291.0,0.4320901082095928,0.0023383041432453525,0.4295116468886033,0.0,0.0,0.0,0.00024015712991965794,0.00022751287602545424,1.2633620515975233e-05,3.8927495686000206e-09,6.7666782539956185e-09
292.0,0.43156321777518064,0.0023213689317829567,0.42900418887276526,0.0,0.0,0.0,0.00023765943280066985,0.00022514493818986852,1.2503965474836165e-05,3.845374501077774e-09,6.688885443824911e-09
293.0,0.4310363269085612,0.002304433720320561,0.4284967308569272,0.0,0.0,0.0,0.0002351617120657451,0.00022277700035428283,1.23743104336971e-05,3.8013206706646385e-09,6.611092633654203e-09
294.0,0.43050943604194175,0.002287498508858165,0.42798927284108906,0.0,0.0,0.0,0.00023266399133082036,0.00022040906251869714,1.2244655392558034e-05,3.757266840251503e-09,6.533299823483495e-09
295.0,0.4299825451753223,0.0022705632973957697,0.427481814825251,0.0,0.0,0.0,0.0002301662705958956,0.00021804112468311142,1.2115000351418967e-05,3.713213009838367e-09,6.455507013312787e-09
296.0,0.42945624279508643,0.0022540362807414267,0.4269743568094129,0.0,0.0,0.0,0.000227850000796017,0.0002158532906893502,1.1986572800592599e-05,3.67067395475242e-09,6.38350306945005e-09
297.0,0.4289330074758344,0.002240541338368913,0.42646689879357486,0.0,0.0,0.0,0.00022556750221594397,0.00021369022583957325,1.18672630575749e-05,3.629956237064177e-09,6.312295767990606e-09
298.0,0.4284097721565824,0.0022270463959964,0.4259594407777368,0.0,0.0,0.0,0.00022328500363587094,0.00021152716098979632,1.1747953314557203e-05,3.5892385193759343e-09,6.241088466531162e-09
299.0,0.42788653683733036,0.002213551453623887,0.4254519827618987,0.0,0.0,0.0,0.00022100250505579795,0.00020936409614001936,1.1628643571539505e-05,3.5485208016876915e-09,6.169881165071717e-09
300.0,0.42736340018340313,0.002200056511251374,0.42494452474606065,0.0,0.0,0.0,0.00021881922990052733,0.00020730025690484803,1.1509333828521807e-05,3.5078030839994488e-09,6.0986738636122736e-09
301.0,0.42684032964389124,0.0021865615688788603,0.4244370667302226,0.0,0.0,0.0,0.0002167017592028509,0.0002053022215175426,1.139002408550411e-05,3.467085366311206e-09,6.030841285611363e-09
302.0,0.4263172593920516,0.002173066626506347,0.42392960871438445,0.0,0.0,0.0,0.00021458433846920747,0.00020330418613023714,1.1270764053359032e-05,3.426367648622963e-09,5.9642054607562785e-09
303.0,0.42579419946992425,0.002159571684133834,0.4234221506985464,0.0,0.0,0.0,0.00021247720021087864,0.0002013061507429317,1.1161810742137256e-05,3.387978641442579e-09,5.897569635901193e-09
304.0,0.4252711399454096,0.002146076741761321,0.4229146926827083,0.0,0.0,0.0,0.00021037009739951058,0.00019930811535562624,1.1052857430915479e-05,3.3506921434958913e-09,5.8309338110461085e-09
305.0,0.42474807971116785,0.002132581799388808,0.42240723466687025,0.0,0.0,0.0,0.00020826300969873388,0.0001973100799683208,1.0943904119693702e-05,3.313405645549204e-09,5.7680537342672395e-09
306.0,0.42422501932524814,0.0021190868570162944,0.4218997766510322,0.0,0.0,0.0,0.0002061559252272872,0.00019531204458101534,1.0834950808471925e-05,3.276119147602517e-09,5.705976309733808e-09
307.0,0.42370196488636086,0.0021055919146437813,0.4213923186351941,0.0,0.0,0.0,0.0002040541107945699,0.0001933140091937099,1.0731194344810699e-05,3.2388326496558293e-09,5.6438988852003765e-09
308.0,0.4231790761467662,0.002092096972271268,0.42088486061935604,0.0,0.0,0.0,0.00020211890953654077,0.00019147954617699235,1.063052531795138e-05,3.2027228104089153e-09,5.581821460666945e-09
309.0,0.42265619400133847,0.002078602029898755,0.42037740260351797,0.0,0.0,0.0,0.00020018951867534787,0.0001896509643862507,1.0529856291092063e-05,3.1678113999133517e-09,5.519744036133513e-09
310.0,0.42213331185591074,0.0020651070875262415,0.4198699445876799,0.0,0.0,0.0,0.000198260127814155,0.00018782238259550907,1.0429187264232744e-05,3.1328999894177876e-09,5.457666611600082e-09
311.0,0.42161042916393837,0.0020516121451537284,0.4193624865718418,0.0,0.0,0.0,0.00019633077334757558,0.00018599380080476746,1.0328518237373425e-05,3.097988578922224e-09,5.399932529181469e-09
312.0,0.4210875471171205,0.0020381172027812153,0.4188550285560037,0.0,0.0,0.0,0.00019440145134381044,0.00018416521901402582,1.0227849210514106e-05,3.064384740959994e-09,5.342925595750942e-09
313.0,0.42056467857600466,0.002024622260408702,0.41834757054016564,0.0,0.0,0.0,0.00019248516817550133,0.0001823496572794354,1.0127180183654789e-05,3.0318518984064488e-09,5.285918662320415e-09
314.0,0.42004191359743903,0.002011127318036189,0.41784011252432757,0.0,0.0,0.0,0.0001906733698849632,0.00018063860305295195,1.002651115679547e-05,2.999319055852904e-09,5.2289117288898876e-09
315.0,0.419519155737132,0.0019976323756636756,0.4173326545084895,0.0,0.0,0.0,0.00018886845184331615,0.0001789275488264685,9.932764446333604e-06,2.966786213299359e-09,5.17190479545936e-09
316.0,0.41899639950894574,0.0019841374332911625,0.41682519649265143,0.0,0.0,0.0,0.00018706511135000854,0.000177216494599985,9.840604929723403e-06,2.9342533707458135e-09,5.114897862028833e-09
317.0,0.4185070018765713,0.0019706424909186494,0.416351096913653,0.0,0.0,0.0,0.00018526187758786594,0.00017550544037350153,9.748445413113203e-06,2.9017205281922686e-09,5.062750537995985e-09
318.0,0.4180276439111266,0.0019571475485461363,0.4158869615430613,0.0,0.0,0.0,0.00018353452463056431,0.0001738702990216724,9.656285896503002e-06,2.870603480266863e-09,5.012036805028653e-09
319.0,0.41754832781108964,0.001943652606173623,0.4154228261724696,0.0,0.0,0.0,0.00018184859680714802,0.0001722766196238018,9.564126379892801e-06,2.840711690833308e-09,4.9613230720613215e-09
320.0,0.41706901171105265,0.0019301576638011096,0.41495869080187786,0.0,0.0,0.0,0.0001801626689837317,0.0001706829402259312,9.4719668632826e-06,2.8108199013997534e-09,4.91060933909399e-09
321.0,0.4165920095464196,0.0019189720046110014,0.41449455543128616,0.0,0.0,0.0,0.00017848159956207943,0.00016908926082806057,9.384669437750929e-06,2.7809281119661987e-09,4.859895606126658e-09
322.0,0.4161155064065454,0.0019082843668786708,0.4140304200606944,0.0,0.0,0.0,0.00017680157790639513,0.00016749558143018997,9.29842057382713e-06,2.7510363225326436e-09,4.809181873159326e-09
323.0,0.4156390032666712,0.0018975967291463402,0.4135662846901027,0.0,0.0,0.0,0.00017512155625071084,0.00016590190203231937,9.212171709903333e-06,2.721144533099089e-09,4.758468140191995e-09
324.0,0.4151624991942412,0.0018869090914140096,0.413102149319511,0.0,0.0,0.0,0.00017344159311214317,0.00016430822263444875,9.125922845979535e-06,2.692314028325646e-09,4.709466832717837e-09
325.0,0.41468610711764875,0.001876221453681679,0.41263801394891925,0.0,0.0,0.0,0.00017187145581450686,0.00016282291444490505,9.04117467219644e-06,2.665034310415872e-09,4.662967730368327e-09
326.0,0.4142097403112003,0.0018655338159493484,0.41217387857832755,0.0,0.0,0.0,0.00017032775583746828,0.00016135964282198862,8.960820345138596e-06,2.6377545925060974e-09,4.616468628018817e-09
327.0,0.4137333735047518,0.0018548461782170176,0.4117097432077358,0.0,0.0,0.0,0.00016878405586042973,0.00015989637119907221,8.880466018080751e-06,2.6104748745963233e-09,4.569969525669307e-09
328.0,0.41325700671662124,0.001844158540484687,0.4112456078371441,0.0,0.0,0.0,0.00016724035617916727,0.0001584330995761558,8.800111691022906e-06,2.5835777490254423e-09,4.523470423319797e-09
329.0,0.4127806400076863,0.0018334709027523564,0.4107814724665524,0.0,0.0,0.0,0.00016569665777666214,0.0001569698279532394,8.719757363965063e-06,2.5583347217672153e-09,4.476971320970288e-09
330.0,0.4123042732302265,0.0018227832650200258,0.41031733709596063,0.0,0.0,0.0,0.0001641529359256147,0.000155506556330323,8.639403036907218e-06,2.5330916945089887e-09,4.4327262128625165e-09
331.0,0.41182790643224104,0.0018120956272876952,0.40985320172536893,0.0,0.0,0.0,0.00016260920705086793,0.0001540432847074066,8.559048709849373e-06,2.507848667250762e-09,4.389156258785909e-09
332.0,0.41135167991282595,0.0018014079895553646,0.4093890663547772,0.0,0.0,0.0,0.0001612058709161088,0.0001527185616895389,8.480529931570687e-06,2.4826056399925355e-09,4.345586304709301e-09
333.0,0.41087547979784,0.001790720351823034,0.4089249309841855,0.0,0.0,0.0,0.0001598282644530915,0.0001514147429438796,8.406729052806627e-06,2.457362612734309e-09,4.302016350632693e-09
334.0,0.41039927925165437,0.0017800327140907034,0.4084607956135938,0.0,0.0,0.0,0.0001584506043259715,0.0001501109241982203,8.332928174042568e-06,2.432119585476082e-09,4.259845557851684e-09
335.0,0.40992307823374785,0.0017693450763583728,0.407996660243002,0.0,0.0,0.0,0.00015707288549175416,0.000148807105452561,8.259127295278507e-06,2.4068765582178553e-09,4.2192054102199055e-09
336.0,0.4094468774258551,0.0017586574386260422,0.4075325248724103,0.0,0.0,0.0,0.00015569518847501063,0.00014750328670690168,8.185326416514447e-06,2.3830406503550994e-09,4.178565262588127e-09
337.0,0.40897067672009474,0.0017479698008937114,0.40706838950181856,0.0,0.0,0.0,0.0001543175020683784,0.0001461994679612424,8.111525537750388e-06,2.3598890423105405e-09,4.137925114956349e-09
338.0,0.4084944760143343,0.0017372821631613808,0.40660425413122686,0.0,0.0,0.0,0.00015293981566174615,0.0001448956492155831,8.037724658986329e-06,2.3367374342659812e-09,4.09728496732457e-09
339.0,0.4080182764565862,0.0017265945254290502,0.40614011876063516,0.0,0.0,0.0,0.00015156339188782787,0.0001435918304699238,7.965180896426211e-06,2.3135858262214223e-09,4.056644819692792e-09
340.0,0.4075421038861648,0.0017159068876967196,0.4056759833900434,0.0,0.0,0.0,0.00015021380643638353,0.00014230805048645985,7.89944879945896e-06,2.2904342181768634e-09,4.016004672061014e-09
341.0,0.40706602363512473,0.001705219249964389,0.4052118480194517,0.0,0.0,0.0,0.00014895596947077074,0.0001411160657998093,7.833716702491706e-06,2.267282610132304e-09,3.9784077244638685e-09
342.0,0.4065899427812374,0.0016945316122320584,0.40474771264885995,0.0,0.0,0.0,0.00014769821281163318,0.00013992408111315874,7.767984605524454e-06,2.24547481811614e-09,3.941024039339897e-09
343.0,0.4061138618938152,0.0016838439744997278,0.40428357727826825,0.0,0.0,0.0,0.0001464404619452532,0.0001387320964265082,7.702252508557202e-06,2.2237780649920722e-09,3.9036403542159254e-09
344.0,0.405637781006393,0.0016731563367673973,0.40381944190767655,0.0,0.0,0.0,0.00014518271107887324,0.00013754011173985762,7.63652041158995e-06,2.2020813118680048e-09,3.866256669091954e-09
345.0,0.4051617001189708,0.0016624686990350667,0.4033553065370848,0.0,0.0,0.0,0.00014392496021249328,0.00013634812705320707,7.5707883146226964e-06,2.1803845587439373e-09,3.828872983967983e-09
346.0,0.40468568638156355,0.0016518479584187974,0.4028911711664931,0.0,0.0,0.0,0.00014266718224076135,0.00013515614236655652,7.5050562176554445e-06,2.159482923076485e-09,3.791489298844011e-09
347.0,0.4042118829188994,0.0016433974579657116,0.40242703579590133,0.0,0.0,0.0,0.00014144916277320887,0.00013400390362672778,7.439324120688192e-06,2.139239134579537e-09,3.75510545505857e-09
348.0,0.4037381181926323,0.001634946957512626,0.40196290042530963,0.0,0.0,0.0,0.00014027030192444889,0.00013288946156716125,7.375073847410331e-06,2.118995346082589e-09,3.7215220030723055e-09
349.0,0.403264357555386,0.0016264964570595405,0.40149876505471793,0.0,0.0,0.0,0.00013909573289949163,0.0001317750195075947,7.3149613176977786e-06,2.098751557585641e-09,3.687938551086041e-09
350.0,0.40279059691813973,0.0016180459566064549,0.4010346296841262,0.0,0.0,0.0,0.0001379211638745344,0.00013066057744802817,7.254848787985227e-06,2.0785077690886925e-09,3.654355099099776e-09
351.0,0.40231683628089343,0.0016095954561533693,0.4005704943135345,0.0,0.0,0.0,0.00013674659484957716,0.00012954613538846161,7.194736258272674e-06,2.0582639805917446e-09,3.620771647113511e-09
352.0,0.40184310876003326,0.0016011449557002838,0.4001063589429427,0.0,0.0,0.0,0.00013560500714656097,0.00012846471099567074,7.134623728560122e-06,2.0380201920947966e-09,3.5871881951272462e-09
353.0,0.4013694259288033,0.0015926944552471982,0.399642223572351,0.0,0.0,0.0,0.0001345076812090694,0.00012742760835359474,7.074511198847569e-06,2.019196407872953e-09,3.5536047431409812e-09
354.0,0.4008957429340828,0.0015842439547941126,0.39917808820175926,0.0,0.0,0.0,0.00013341037849711636,0.00012639050571151876,7.0143986691350165e-06,2.0005716623136984e-09,3.5205190210983175e-09
355.0,0.4004346255713927,0.001575793454341027,0.39872651783269797,0.0,0.0,0.0,0.00013231486685254623,0.0001253534030694428,6.95600723097581e-06,1.9819469167544436e-09,3.489347752613076e-09
356.0,0.4000291988720637,0.0015673429538879415,0.39833063490393217,0.0,0.0,0.0,0.0001312214976483234,0.00012431630042736682,6.899790318651467e-06,1.963322171195189e-09,3.458176484127834e-09
357.0,0.3996237721727346,0.001558892453434856,0.3979347519751664,0.0,0.0,0.0,0.0001301281284441006,0.00012327919778529081,6.8435734063271244e-06,1.9446974256359337e-09,3.4270052156425924e-09
358.0,0.39921834547340557,0.0015504419529817704,0.3975388690464006,0.0,0.0,0.0,0.00012903475923987777,0.00012224209514321484,6.787356494002781e-06,1.926072680076679e-09,3.3958339471573507e-09
359.0,0.39881291896067056,0.0015419914525286848,0.3971429861176349,0.0,0.0,0.0,0.00012794140865175522,0.00012120499250113886,6.731139581678439e-06,1.907604298050191e-09,3.364662678672109e-09
360.0,0.3984075498687966,0.0015335409520755993,0.3967471031888691,0.0,0.0,0.0,0.00012690545686769119,0.00012022438064929773,6.675846267855313e-06,1.8909816463803976e-09,3.3354503556677814e-09
361.0,0.3980022128122572,0.0015250904516225135,0.39635122026010333,0.0,0.0,0.0,0.00012590180134263706,0.00011927311161820729,6.623514870233002e-06,1.874358994710604e-09,3.306668980641948e-09
362.0,0.3975968757557178,0.0015166399511694281,0.39595533733133753,0.0,0.0,0.0,0.00012489814581758294,0.00011832184258711684,6.571183472610691e-06,1.8577363430408107e-09,3.277887605616115e-09
363.0,0.39719153869917834,0.0015081894507163423,0.3955594544025718,0.0,0.0,0.0,0.0001238944902925288,0.0001173705735560264,6.51885207498838e-06,1.8411136913710173e-09,3.249106230590281e-09
364.0,0.3967862016426389,0.0014997389502632568,0.395163571473806,0.0,0.0,0.0,0.00012289083476747466,0.00011641930452493595,6.466520677366069e-06,1.824491039701224e-09,3.220324855564448e-09
365.0,0.39638086458609945,0.0014912884498101712,0.39476768854504024,0.0,0.0,0.0,0.00012188717924242054,0.0001154680354938455,6.4141892797437586e-06,1.8078683880314306e-09,3.1915434805386142e-09
366.0,0.39597552752956,0.0014828379493570857,0.39437180561627444,0.0,0.0,0.0,0.0001208835237173664,0.00011451676646275507,6.361857882121447e-06,1.7912457363616372e-09,3.162762105512781e-09
367.0,0.3955701904730206,0.001474387448904,0.3939759226875087,0.0,0.0,0.0,0.00011987986819231227,0.00011356549743166461,6.3095264844991364e-06,1.7746230846918438e-09,3.1339807304869477e-09
368.0,0.3951649303827613,0.0014659369484509145,0.3935800397587429,0.0,0.0,0.0,0.0001189529164101025,0.00011268965119670201,6.258438524290504e-06,1.7589876644635833e-09,3.106738985922676e-09
369.0,0.39475970244335024,0.001457486447997829,0.39318415682997715,0.0,0.0,0.0,0.00011805869530209006,0.00011184347175196774,6.2104248575618485e-06,1.7437405233571471e-09,3.0805871115160535e-09
370.0,0.3943544745039391,0.0014490359475447434,0.39278827390121135,0.0,0.0,0.0,0.00011716447419407763,0.00011099729230723348,6.162411190833192e-06,1.7284933822507111e-09,3.0544352371094314e-09
371.0,0.39394924656452807,0.0014405854470916578,0.3923923909724456,0.0,0.0,0.0,0.0001162702530860652,0.00011015111286249921,6.114397524104537e-06,1.713246241144275e-09,3.0282833627028092e-09
372.0,0.39354401862511695,0.0014321349466385723,0.3919965080436798,0.0,0.0,0.0,0.00011537603197805278,0.00010930493341776494,6.066383857375881e-06,1.697999100037839e-09,3.0021314882961867e-09
373.0,0.3931387906857059,0.0014236844461854867,0.39160062511491406,0.0,0.0,0.0,0.00011448181087004035,0.00010845875397303068,6.018370190647226e-06,1.6827519589314028e-09,2.9759796138895646e-09
374.0,0.39273356286622346,0.0014152339457324011,0.39120474218614826,0.0,0.0,0.0,0.0001135875708562297,0.00010761257452829641,5.97035652391857e-06,1.6678105987947369e-09,2.9498277394829424e-09
375.0,0.3923287598708247,0.0014072077838360995,0.3908088592573825,0.0,0.0,0.0,0.0001126932906459886,0.00010676639508356214,5.922342857189915e-06,1.6535193727252679e-09,2.9236758650763203e-09
376.0,0.39192529288570266,0.0014005162653006151,0.3904129763286167,0.0,0.0,0.0,0.00011179988320495705,0.00010592021563882788,5.875193710448946e-06,1.639228146655799e-09,2.8979892112002095e-09
377.0,0.39152183486928627,0.0013938247467651307,0.39001709339985097,0.0,0.0,0.0,0.00011091663766484579,0.00010507969653511615,5.832496894813075e-06,1.62493692058633e-09,2.874698471667583e-09
378.0,0.39111844261978884,0.0013871332282296464,0.3896212104710852,0.0,0.0,0.0,0.00011009920244089009,0.00010430490942212854,5.789800079177204e-06,1.6106456945168607e-09,2.8514077321349563e-09
379.0,0.3907150504994116,0.001380441709694162,0.3892253275423194,0.0,0.0,0.0,0.00010928171566345005,0.00010353012230914094,5.747103263541334e-06,1.5967833555644384e-09,2.8281169926023296e-09
380.0,0.3903116585378235,0.0013737501911586774,0.3888294446135537,0.0,0.0,0.0,0.00010846416548663333,0.00010275533519615335,5.704406447905463e-06,1.58344845285089e-09,2.804826253069703e-09
381.0,0.3899082665762354,0.001367058672623193,0.3884335616847879,0.0,0.0,0.0,0.00010764661530981663,0.00010198054808316575,5.6617096322695925e-06,1.5701135501373415e-09,2.7815355135370764e-09
382.0,0.3895048746146473,0.0013603671540877087,0.38803767875602213,0.0,0.0,0.0,0.00010682906513299992,0.00010120576097017815,5.619012816633722e-06,1.5567786474237932e-09,2.7582447740044497e-09
383.0,0.3891014826530592,0.0013536756355522243,0.38764179582725633,0.0,0.0,0.0,0.00010601151495618322,0.00010043097385719055,5.576316000997851e-06,1.5434437447102449e-09,2.734954034471823e-09
384.0,0.38869809118457055,0.00134698411701674,0.3872459128984906,0.0,0.0,0.0,0.00010519405006683067,9.965618674420296e-05,5.533619185361981e-06,1.5301088419966965e-09,2.712506278943106e-09
385.0,0.38829473349416227,0.0013402925984812555,0.3868500299697248,0.0,0.0,0.0,0.00010441046602053076,9.891530958554597e-05,5.49092236972611e-06,1.5167739392831482e-09,2.69085696567518e-09
386.0,0.38789139078628315,0.0013336010799457712,0.38645414704095904,0.0,0.0,0.0,0.00010364350177068803,9.819003733189949e-05,5.449300460465414e-06,1.5034624913677988e-09,2.6692076524072534e-09
387.0,0.38748805236786843,0.0013269095614102866,0.38605826411219324,0.0,0.0,0.0,0.00010287906441763228,9.746476507825302e-05,5.410190515988503e-06,1.4911921190495186e-09,2.6475583391393272e-09
388.0,0.38708471394945376,0.0013202180428748022,0.3856623811834275,0.0,0.0,0.0,0.00010211462706457654,9.673949282460653e-05,5.371080571511591e-06,1.4789217467312383e-09,2.6259090258714006e-09
389.0,0.3866813755310391,0.0013135265243393178,0.3852664982546617,0.0,0.0,0.0,0.0001013501897115208,9.601422057096006e-05,5.331970627034679e-06,1.4666513744129581e-09,2.6042597126034745e-09
390.0,0.3862780390814268,0.0013068350058038334,0.38487061532589595,0.0,0.0,0.0,0.00010058799083024209,9.529112558200544e-05,5.292860682557767e-06,1.4543810020946777e-09,2.5837097341582864e-09
391.0,0.38587474958906237,0.001300143487268349,0.38447473239713015,0.0,0.0,0.0,9.987310170499912e-05,9.461537037843528e-05,5.2537507380808555e-06,1.4421106297763976e-09,2.563689533291166e-09
392.0,0.38547146009669797,0.0012934519687328647,0.3840788494683644,0.0,0.0,0.0,9.915821257975613e-05,9.393961517486513e-05,5.214640793603944e-06,1.4298402574581172e-09,2.543669332424046e-09
393.0,0.3850681706043335,0.0012867604501973803,0.3836829665395986,0.0,0.0,0.0,9.844332345451315e-05,9.326385997129499e-05,5.175530849127032e-06,1.417569885139837e-09,2.5236491315569257e-09
394.0,0.38466488232074225,0.0012800689316618957,0.38328708361083286,0.0,0.0,0.0,9.773018438854976e-05,9.258810476772483e-05,5.13824667317294e-06,1.4058740294000517e-09,2.5036289306898053e-09
395.0,0.3842615956845648,0.0012733774131264114,0.38289120068206706,0.0,0.0,0.0,9.701778067984973e-05,9.191234956415468e-05,5.101627548632781e-06,1.3948806443644899e-09,2.4836087298226854e-09
396.0,0.38385830904838736,0.001266685894590927,0.3824953177533013,0.0,0.0,0.0,9.630537697114971e-05,9.123659436058453e-05,5.065008424092622e-06,1.3838872593289279e-09,2.463588528955565e-09
397.0,0.3834550224122099,0.0012599943760554426,0.3820994348245355,0.0,0.0,0.0,9.559297326244969e-05,9.056083915701437e-05,5.028389299552463e-06,1.372893874293366e-09,2.4435683280884446e-09
398.0,0.38305173577603246,0.0012533028575199582,0.38170355189576977,0.0,0.0,0.0,9.488056955374968e-05,8.988508395344422e-05,4.991770175012304e-06,1.361900489257804e-09,2.4235481272213247e-09
399.0,0.38268192560178366,0.0012466113389844739,0.3813411227885944,0.0,0.0,0.0,9.419174379973768e-05,8.92328034088434e-05,4.955151050472145e-06,1.350907104222242e-09,2.4048733259092212e-09
400.0,0.3823162847201363,0.0012399198204489895,0.38098282842341336,0.0,0.0,0.0,9.3536696908697e-05,8.861201896665413e-05,4.920921912394473e-06,1.3399137191866803e-09,2.3866480489239307e-09
401.0,0.38195064389451666,0.0012332283019135049,0.3806245340582323,0.0,0.0,0.0,9.288174951608566e-05,8.799123452446488e-05,4.886790460235879e-06,1.3289203341511182e-09,2.3684227719386406e-09
402.0,0.3815850029782426,0.0012265367833780205,0.3802662396930513,0.0,0.0,0.0,9.22267986332871e-05,8.73704500822756e-05,4.8526590080772855e-06,1.318272719542028e-09,2.3501974949533504e-09
403.0,0.381219361946776,0.0012198452648425361,0.37990794532787026,0.0,0.0,0.0,9.157184331558267e-05,8.674966564008634e-05,4.818527555918692e-06,1.3080644679802902e-09,2.33197221796806e-09
404.0,0.38085372091530945,0.0012131537463070518,0.3795496509626892,0.0,0.0,0.0,9.091688799787824e-05,8.612888119789708e-05,4.784396103760098e-06,1.2978562164185524e-09,2.3137469409827698e-09
405.0,0.3804888269292121,0.0012072091636335077,0.3791913565975082,0.0,0.0,0.0,9.02619326801738e-05,8.550809675570781e-05,4.750264651601505e-06,1.2876479648568145e-09,2.2955216639974797e-09
406.0,0.38012459528966713,0.0012019268304207494,0.37883306223232716,0.0,0.0,0.0,8.960697736246937e-05,8.488731231351855e-05,4.716133199442911e-06,1.277439713295077e-09,2.277296387012189e-09
407.0,0.3797603636501222,0.001196644497207991,0.3784747678671461,0.0,0.0,0.0,8.895202204476494e-05,8.426652787132929e-05,4.6820017472843175e-06,1.267231461733339e-09,2.259071110026899e-09
408.0,0.37939617328284186,0.001191362163995233,0.3781164735019651,0.0,0.0,0.0,8.8338069734075e-05,8.368637887087633e-05,4.6482661311134085e-06,1.2572768948336318e-09,2.2420911631291542e-09
409.0,0.3790320101564166,0.0011860798307824748,0.37775817913678406,0.0,0.0,0.0,8.775147873955244e-05,8.31311671925023e-05,4.6169010603961995e-06,1.2478456848892638e-09,2.2258754554314953e-09
410.0,0.3786678470299913,0.0011807974975697165,0.377399884771603,0.0,0.0,0.0,8.716488774502988e-05,8.257595551412828e-05,4.58553598967899e-06,1.2384144749448956e-09,2.2096597477338365e-09
411.0,0.378303683903566,0.0011755151643569582,0.377041590406422,0.0,0.0,0.0,8.657829675050733e-05,8.202074383575427e-05,4.554170918961781e-06,1.2289832650005273e-09,2.1934440400361776e-09
412.0,0.37793952077714077,0.0011702328311442,0.37668329604124096,0.0,0.0,0.0,8.599170575598478e-05,8.146553215738025e-05,4.522805848244571e-06,1.219552055056159e-09,2.1772283323385187e-09
413.0,0.3775753576507155,0.0011649504979314416,0.3763250016760599,0.0,0.0,0.0,8.540511476146223e-05,8.091032047900623e-05,4.491440777527362e-06,1.2101208451117909e-09,2.1610126246408603e-09
414.0,0.3772111945242902,0.0011596681647186833,0.3759667073108789,0.0,0.0,0.0,8.481852376693966e-05,8.035510880063221e-05,4.460075706810152e-06,1.2006896351674228e-09,2.1447969169432014e-09
415.0,0.3768470313978649,0.001154385831505925,0.37560841294569786,0.0,0.0,0.0,8.423193277241711e-05,7.97998971222582e-05,4.428710636092942e-06,1.1912584252230546e-09,2.1285812092455425e-09
416.0,0.37648286818996296,0.0011491034982931668,0.3752501185805168,0.0,0.0,0.0,8.364532428881094e-05,7.924468544388416e-05,4.397345565375733e-06,1.1818272152786864e-09,2.1127335396545794e-09
417.0,0.37611870946428416,0.0011438211650804087,0.3748918242153358,0.0,0.0,0.0,8.306454660442428e-05,7.869483802433581e-05,4.366413719839107e-06,1.1723960053343182e-09,2.097637482548617e-09
418.0,0.3757545904976176,0.0011385388318676504,0.37453352985015476,0.0,0.0,0.0,8.252234417856987e-05,7.818070124680681e-05,4.338365840397424e-06,1.1638045468282742e-09,2.0825414254426547e-09
419.0,0.3753904716099643,0.0011332564986548921,0.3741752354849737,0.0,0.0,0.0,8.198013254957963e-05,7.766656446927782e-05,4.310317960955741e-06,1.1552296904487929e-09,2.0674453683366926e-09
420.0,0.37502635272231094,0.0011279741654421339,0.3738169411197927,0.0,0.0,0.0,8.143792092058938e-05,7.715242769174883e-05,4.282270081514059e-06,1.1466548340693113e-09,2.0523493112307305e-09
421.0,0.37466223383465763,0.0011226918322293756,0.37345864675461166,0.0,0.0,0.0,8.089570929159913e-05,7.663829091421984e-05,4.254222202072376e-06,1.1380799776898297e-09,2.0372532541247684e-09
422.0,0.37429811494700427,0.0011174094990166173,0.3731003523894306,0.0,0.0,0.0,8.035349766260888e-05,7.612415413669086e-05,4.226174322630693e-06,1.1295051213103483e-09,2.0221571970188062e-09
423.0,0.3739339960424521,0.001112127165803859,0.3727420580242496,0.0,0.0,0.0,7.981127610221305e-05,7.561001735916187e-05,4.19812644318901e-06,1.1209302649308667e-09,2.008172880512749e-09
424.0,0.3735698771378985,0.0011068448325911007,0.37238376365906856,0.0,0.0,0.0,7.926905454098288e-05,7.509588058163288e-05,4.170078563747327e-06,1.1123554085513852e-09,1.994188657400748e-09
425.0,0.3732057936747482,0.0011015624993783424,0.3720254692938875,0.0,0.0,0.0,7.876210508441396e-05,7.46169894887606e-05,4.1420306843056445e-06,1.1037805521719038e-09,1.980204434288746e-09
426.0,0.372841715554365,0.0010962801661655842,0.3716671749287065,0.0,0.0,0.0,7.826047287329956e-05,7.414341165854537e-05,4.1139828048639615e-06,1.0952056957924222e-09,1.9662202111767444e-09
427.0,0.3724776388926655,0.0010909978329528259,0.37130888056352546,0.0,0.0,0.0,7.775971904107797e-05,7.366983382833014e-05,4.0868029393134566e-06,1.0870349346340093e-09,1.952235988064743e-09
428.0,0.37211356259411066,0.0010857154997400676,0.3709505861983444,0.0,0.0,0.0,7.726013413893206e-05,7.319625599811491e-05,4.060819474011303e-06,1.0794210657005888e-09,1.9382517649527414e-09
429.0,0.3717494862955558,0.0010804331665273095,0.3705922918331634,0.0,0.0,0.0,7.676054923678615e-05,7.272267816789968e-05,4.0348360087091505e-06,1.0718071967671682e-09,1.92426754184074e-09
430.0,0.371385409997001,0.0010751508333145512,0.37023399746798236,0.0,0.0,0.0,7.626096433464025e-05,7.224910033768447e-05,4.008852543406997e-06,1.0641933278337475e-09,1.9102833187287384e-09
431.0,0.37102133369844614,0.001069868500101793,0.3698757031028013,0.0,0.0,0.0,7.576137943249434e-05,7.177552250746924e-05,3.9828690781048435e-06,1.056579458900327e-09,1.8962990956167367e-09
432.0,0.3706572572989039,0.0010645861668890347,0.3695174087376203,0.0,0.0,0.0,7.526179545106284e-05,7.130194467725401e-05,3.956885612802691e-06,1.0489655899669063e-09,1.882714833200165e-09
433.0,0.37029318069019046,0.0010593038336762764,0.3691591143724393,0.0,0.0,0.0,7.476221337667259e-05,7.082836684703878e-05,3.930902147500537e-06,1.0413517210334858e-09,1.869958994375061e-09
434.0,0.369929104081477,0.001054021500463518,0.3688008200072582,0.0,0.0,0.0,7.426263130228232e-05,7.035478901682355e-05,3.904918682198384e-06,1.0337378521000653e-09,1.8572031555499569e-09
435.0,0.36956502964844157,0.0010487391672507598,0.36844252564207725,0.0,0.0,0.0,7.376502294840856e-05,6.988121118660833e-05,3.880956742747636e-06,1.0261239831666446e-09,1.844447316724853e-09
436.0,0.36920098813948926,0.0010434568340380015,0.3680842312768962,0.0,0.0,0.0,7.330041225461734e-05,6.944053869146016e-05,3.857015798369465e-06,1.018510114233224e-09,1.831691477899749e-09
437.0,0.36883695860626675,0.0010381745008252433,0.3677259369117152,0.0,0.0,0.0,7.284743112692859e-05,6.90115032523193e-05,3.8330748539912944e-06,1.0111904008215291e-09,1.818935639074645e-09
438.0,0.36847292943528337,0.0010328921676124852,0.36736764254653415,0.0,0.0,0.0,7.239441495989376e-05,6.858246781317844e-05,3.8091339096131237e-06,1.0041840514862128e-09,1.806179800249541e-09
439.0,0.3681089002643,0.001027609834399727,0.3670093481813531,0.0,0.0,0.0,7.194139879285892e-05,6.815343237403757e-05,3.785192965234953e-06,9.971777021508964e-10,1.793423961424437e-09
440.0,0.36774597824659816,0.001023435226953049,0.3666510538161721,0.0,0.0,0.0,7.148838262582408e-05,6.772439693489671e-05,3.761252020856782e-06,9.9017135281558e-10,1.780668122599333e-09
441.0,0.36738310616300257,0.0010193105794324149,0.36629275945099105,0.0,0.0,0.0,7.103536645878924e-05,6.729536149575585e-05,3.7373110764786115e-06,9.831650034802637e-10,1.767912283774229e-09
442.0,0.36702023385983673,0.0010151859319117806,0.36593446508581,0.0,0.0,0.0,7.058236019880173e-05,6.6866326056615e-05,3.7133701321004407e-06,9.761586541449473e-10,1.7557354564211952e-09
443.0,0.36665736126501824,0.0010110612843911466,0.365576170720629,0.0,0.0,0.0,7.012936709823331e-05,6.643729061747412e-05,3.68942918772227e-06,9.69152304809631e-10,1.7443277234681988e-09
444.0,0.36629448867019976,0.0010069366368705124,0.36521787635544795,0.0,0.0,0.0,6.96763739976649e-05,6.600825517833327e-05,3.665488243344099e-06,9.621459554743146e-10,1.7329199905152024e-09
445.0,0.3659316171145621,0.0010028119893498782,0.3648595819902669,0.0,0.0,0.0,6.922346572534537e-05,6.557921973919241e-05,3.6415472989659285e-06,9.555124198964829e-10,1.721512257562206e-09
446.0,0.3655687467863823,0.000998687341829244,0.3645012876250859,0.0,0.0,0.0,6.877182365161657e-05,6.515018430005155e-05,3.618950585119846e-06,9.489295469118674e-10,1.7101045246092096e-09
447.0,0.36522267730476543,0.00099456269430861,0.36415977837837354,0.0,0.0,0.0,6.833620834772924e-05,6.473632177701124e-05,3.5972492597586583e-06,9.423466739272517e-10,1.6986967916562132e-09
448.0,0.3649133819347703,0.0009904380467879758,0.3638550102067807,0.0,0.0,0.0,6.793341413321412e-05,6.435524119280259e-05,3.575547934397471e-06,9.357638009426363e-10,1.6872890587032166e-09
449.0,0.3646040865647751,0.0009863133992673416,0.3635502420351878,0.0,0.0,0.0,6.753061991869901e-05,6.397416060859394e-05,3.5538466090362832e-06,9.291809279580207e-10,1.6758813257502202e-09
450.0,0.3642947910422967,0.0009821887517467074,0.36324547386359496,0.0,0.0,0.0,6.712777734719434e-05,6.359308002438528e-05,3.532145283675096e-06,9.226365886338125e-10,1.6651623620084159e-09
