E_keV,mu_over_rho_cm2_per_g,tauK_over_rho_cm2_per_g
1.0,4942.0,0.0
1.0995555555555556,4341.281777777777,0.0
1.199111111111111,3740.5635555555564,0.0
1.2986666666666666,3139.8453333333337,0.0
1.3982222222222225,2539.1271111111096,0.0
1.497777777777778,1938.4088888888868,0.0
1.5973333333333333,1737.0104000000001,0.0
1.696888888888889,1544.7287999999999,0.0
1.7964444444444445,1352.4471999999998,0.0
1.896,1160.1656000000003,0.0
1.9955555555555555,967.884,0.0
2.095111111111111,882.9112606262548,0.0
2.1946666666666665,802.9529539920544,0.0
2.2942222222222224,722.9946473578536,0.0
2.393777777777778,643.0363407236532,0.0
2.493333333333333,563.0780340894529,0.0
2.592888888888889,1813.230569187534,0.0
2.6924444444444444,1998.0236832903327,0.0
2.792,2093.842139542457,0.0
2.891555555555556,1970.686080132177,0.0
2.991111111111111,2007.695580338703,0.0
3.0906666666666665,1916.6432000000002,0.0
3.1902222222222223,1813.0357333333332,0.0
3.2897777777777777,1709.4282666666668,0.0
3.389333333333333,1605.8208000000002,0.0
3.488888888888889,1502.2133333333331,0.0
3.5884444444444443,1398.6058666666668,0.0
3.688,1294.9984,0.0
3.787555555555556,1191.3909333333327,0.0
3.887111111111111,1087.7834666666668,0.0
3.9866666666666655,984.1760000000013,0.0
4.086222222222222,933.6296888888888,0.0
4.185777777777778,891.288711111111,0.0
4.285333333333333,848.9477333333334,0.0
4.384888888888889,806.6067555555555,0.0
4.484444444444444,764.265777777778,0.0
4.584,721.9248000000001,0.0
4.683555555555556,679.5838222222219,0.0
4.783111111111111,637.2428444444444,0.0
4.882666666666666,594.9018666666668,0.0
4.982222222222222,552.5608888888889,0.0
5.081777777777778,528.0147555555556,0.0
5.181333333333333,507.3370666666668,0.0
5.280888888888889,486.6593777777778,0.0
5.380444444444445,465.98168888888887,0.0
5.48,445.3039999999999,0.0
5.579555555555555,424.62631111111114,0.0
5.679111111111111,403.9486222222222,0.0
5.778666666666666,383.27093333333346,0.0
5.878222222222222,362.5932444444445,0.0
5.977777777777778,341.91555555555556,0.0
6.077333333333333,330.30906666666675,0.0
6.176888888888889,321.30924444444446,0.0
6.2764444444444445,312.3094222222222,0.0
6.376,303.3096,0.0
6.475555555555555,294.3097777777778,0.0
6.575111111111111,285.3099555555556,0.0
6.674666666666666,276.3101333333334,0.0
6.774222222222222,267.31031111111116,0.0
6.873777777777778,258.3104888888889,0.0
6.973333333333333,249.31066666666675,0.0
7.072888888888889,240.31084444444448,0.0
7.172444444444444,231.31102222222222,0.0
7.271999999999999,222.31120000000004,0.0
7.371555555555555,213.3113777777778,0.0
7.471111111111111,204.31155555555557,0.0
7.570666666666666,195.3117333333334,0.0
7.670222222222222,186.31191111111116,0.0
7.769777777777778,177.3120888888889,0.0
7.869333333333333,168.31226666666674,0.0
7.968888888888888,159.31244444444457,0.0
8.068444444444445,154.07911999999996,0.0
8.168,150.55784000000003,0.0
8.267555555555555,147.03656,0.0
8.367111111111111,143.51528000000002,0.0
8.466666666666665,139.99400000000006,0.0
8.566222222222223,136.47271999999998,0.0
8.665777777777777,132.95144000000005,0.0
8.765333333333333,129.43016000000003,0.0
8.864888888888888,125.90888000000002,0.0
8.964444444444444,122.38760000000002,0.0
9.064,118.86632,0.0
9.163555555555556,115.34503999999998,0.0
9.26311111111111,111.82376000000005,0.0
9.362666666666666,108.30248000000003,0.0
9.462222222222222,104.78120000000003,0.0
9.561777777777776,101.25992000000008,0.0
9.661333333333332,97.73864000000006,0.0
9.76088888888889,94.21735999999999,0.0
9.860444444444443,90.69608000000005,0.0
9.96,87.17479999999998,0.0
10.059555555555557,85.07844622222221,0.0
10.15911111111111,83.93913244444445,0.0
10.258666666666668,82.79981866666665,0.0
10.358222222222222,81.6605048888889,0.0
10.457777777777777,80.52119111111114,0.0
10.557333333333332,79.38187733333335,0.0
10.656888888888888,78.24256355555556,0.0
10.756444444444444,77.10324977777779,0.0
10.856,75.963936,0.0
10.955555555555556,74.82462222222222,0.0
11.05511111111111,73.68530844444446,0.0
11.154666666666666,72.54599466666669,0.0
11.25422222222222,71.40668088888893,0.0
11.353777777777776,70.26736711111114,0.0
11.453333333333331,69.12805333333336,0.0
11.552888888888887,67.98873955555558,0.0
11.652444444444445,66.84942577777778,0.0
11.752,65.710112,0.0
11.851555555555557,64.57079822222221,0.0
11.95111111111111,63.43148444444445,0.0
12.050666666666666,62.29217066666668,0.0
12.150222222222222,61.15285688888889,0.0
12.249777777777776,60.01354311111113,0.0
12.349333333333332,58.874229333333346,0.0
12.448888888888888,57.734915555555574,0.0
12.548444444444444,56.59560177777779,0.0
12.648,55.45628800000001,0.0
12.747555555555556,54.31697422222223,0.0
12.84711111111111,53.17766044444446,0.0
12.946666666666664,52.038346666666705,0.0
13.04622222222222,50.899032888888925,0.0
13.145777777777775,49.75971911111114,0.0
13.245333333333331,48.62040533333336,0.0
13.344888888888889,47.48109155555556,0.0
13.444444444444445,46.34177777777778,0.0
13.544,45.202464,0.0
13.643555555555556,44.06315022222221,0.0
13.74311111111111,42.923836444444454,0.0
13.842666666666666,41.784522666666675,0.0
13.942222222222222,40.645208888888895,0.0
14.041777777777778,39.50589511111111,0.0
14.141333333333332,38.36658133333335,0.0
14.240888888888888,37.22726755555557,0.0
14.340444444444444,36.08795377777779,0.0
14.44,34.948640000000005,0.0
14.539555555555555,33.809326222222225,0.0
14.639111111111111,32.670012444444446,0.0
14.738666666666663,31.5306986666667,0.0
14.83822222222222,30.391384888888922,0.0
14.937777777777775,29.252071111111142,0.0
15.037333333333333,28.424553788712206,0.0
15.136888888888889,28.116697225278084,0.0
15.236444444444444,27.808840661843963,0.0
15.336,27.50098409840984,0.0
15.435555555555554,27.193127534975723,0.0
15.53511111111111,26.8852709715416,0.0
15.634666666666666,26.57741440810748,0.0
15.734222222222222,26.269557844673358,0.0
15.833777777777778,25.961701281239236,0.0
15.933333333333332,25.653844717805118,0.0
16.032888888888888,25.345988154370996,0.0
16.132444444444445,25.03813159093687,0.0
16.232,24.730275027502753,0.0
16.331555555555553,24.422418464068635,0.0
16.43111111111111,24.11456190063451,0.0
16.530666666666665,23.80670533720039,0.0
16.630222222222223,23.498848773766262,0.0
16.729777777777777,23.190992210332148,0.0
16.82933333333333,22.883135646898033,0.0
16.92888888888889,22.575279083463904,0.0
17.028444444444442,22.26742252002979,0.0
17.128,21.95956595659566,0.0
17.227555555555554,21.651709393161543,0.0
17.327111111111112,21.343852829727417,0.0
17.426666666666666,21.0359962662933,0.0
17.52622222222222,20.72813970285918,0.0
17.625777777777778,20.420283139425056,0.0
17.72533333333333,20.112426575990938,0.0
17.82488888888889,19.80457001255681,0.0
17.924444444444443,19.496713449122694,0.0
18.024,19.188856885688566,0.0
18.123555555555555,18.88100032225445,0.0
18.22311111111111,18.573143758820336,0.0
18.322666666666667,18.265287195386207,0.0
18.42222222222222,17.957430631952093,0.0
18.52177777777778,17.649574068517964,0.0
18.62133333333333,17.341717505083857,0.0
18.720888888888886,17.033860941649728,0.0
18.820444444444444,16.726004378215602,0.0
18.92,16.418147814781477,0.0
19.01955555555556,16.11029125134735,0.0
19.11911111111111,15.802434687913243,0.0
19.218666666666664,15.494578124479126,0.0
19.31822222222222,15.186721561044997,0.0
19.417777777777776,14.878864997610881,0.0
19.517333333333333,14.571008434176754,0.0
19.616888888888887,14.263151870742638,0.0
19.716444444444445,13.95529530730851,0.0
19.816,13.647438743874394,0.0
19.915555555555557,13.339582180440265,0.0
20.01511111111111,80.46075733333335,0.0
20.114666666666665,79.93868800000001,0.0
20.214222222222222,79.41661866666668,0.0
20.313777777777776,78.89454933333334,0.0
20.41333333333333,78.37248000000002,0.0
20.512888888888888,77.85041066666668,0.0
20.61244444444444,77.32834133333337,0.0
20.712,76.806272,0.0
20.811555555555557,76.28420266666666,0.0
20.91111111111111,75.76213333333334,0.0
21.010666666666665,75.24006400000002,0.0
21.11022222222222,74.71799466666668,0.0
21.209777777777777,74.19592533333335,0.0
21.30933333333333,73.67385600000001,0.0
21.40888888888889,73.15178666666667,0.0
21.508444444444443,72.62971733333335,0.0
21.608,72.107648,0.0
21.707555555555555,71.58557866666668,0.0
21.80711111111111,71.06350933333336,0.0
21.906666666666663,70.54144000000002,0.0
22.00622222222222,70.01937066666667,0.0
22.105777777777774,69.49730133333335,0.0
22.20533333333333,68.97523200000003,0.0
22.30488888888889,68.45316266666667,0.0
22.404444444444444,67.93109333333334,0.0
22.504,67.409024,0.0
22.603555555555555,66.88695466666667,0.0
22.70311111111111,66.36488533333335,0.0
22.802666666666667,65.842816,0.0
22.90222222222222,65.32074666666668,0.0
23.00177777777777,64.79867733333337,0.0
23.101333333333333,64.27660800000001,0.0
23.200888888888887,63.75453866666668,0.0
23.300444444444445,63.23246933333334,0.0
23.4,62.71040000000001,0.0
23.499555555555556,62.188330666666666,0.0
23.59911111111111,61.66626133333334,0.0
23.698666666666664,61.14419200000002,0.0
23.798222222222225,60.622122666666655,0.0
23.897777777777776,60.10005333333335,0.0
23.997333333333334,59.577984,0.0
24.096888888888888,59.05591466666668,0.0
24.19644444444444,58.533845333333346,0.0
24.296,58.01177600000001,0.0
24.395555555555557,57.48970666666666,0.0
24.49511111111111,56.967637333333336,0.0
24.594666666666665,56.44556800000001,0.0
24.69422222222222,55.92349866666669,0.0
24.793777777777777,55.40142933333334,0.0
24.89333333333333,54.87936000000002,0.0
24.99288888888889,54.35729066666667,0.0
25.092444444444443,53.83522133333335,0.0
25.192,53.313152,0.0
25.291555555555554,52.791082666666675,0.0
25.39111111111111,52.26901333333335,0.0
25.490666666666662,51.74694400000003,0.0
25.59022222222222,51.22487466666668,0.0
25.689777777777778,50.70280533333334,0.0
25.78933333333333,50.18073600000001,0.0
25.88888888888889,49.65866666666667,0.0
25.988444444444443,49.13659733333334,0.0
26.088,48.61452799999999,0.0
26.187555555555555,48.09245866666667,0.0
26.28711111111111,47.570389333333345,0.0
26.386666666666667,47.048320000000004,0.0
26.48622222222222,46.52625066666668,0.0
26.58577777777777,46.00418133333337,0.0
26.68533333333333,45.48211200000002,0.0
26.784888888888887,44.96004266666668,0.0
26.884444444444444,44.43797333333334,0.0
26.984,43.91590399999999,0.0
27.08355555555556,43.39383466666665,0.0
27.18311111111111,42.87176533333334,0.0
27.282666666666664,42.349696000000016,0.0
27.38222222222222,41.827626666666674,0.0
27.481777777777776,41.30555733333335,0.0
27.581333333333333,40.783488,0.0
27.680888888888887,40.26141866666668,0.0
27.78044444444444,39.73934933333335,0.0
27.88,39.21728000000001,0.0
27.979555555555557,38.69521066666666,0.0
28.07911111111111,38.173141333333334,0.0
28.178666666666665,37.65107200000001,0.0
28.278222222222222,37.129002666666665,0.0
28.377777777777776,36.60693333333334,0.0
28.47733333333333,36.08486400000002,0.0
28.576888888888888,35.56279466666667,0.0
28.67644444444444,35.04072533333336,0.0
28.776,34.518656,0.0
28.875555555555557,33.99658666666666,0.0
28.975111111111108,33.47451733333335,0.0
29.074666666666666,32.952448000000004,0.0
29.17422222222222,32.430378666666684,0.0
29.273777777777777,31.908309333333335,0.0
29.37333333333333,31.386240000000008,0.0
29.47288888888889,30.864170666666666,0.0
29.572444444444443,30.34210133333334,0.0
29.672,29.820031999999998,0.0
29.771555555555555,29.29796266666667,0.0
29.87111111111111,28.775893333333343,0.0
29.970666666666663,28.253824000000023,0.0
30.07022222222222,27.993543111111116,0.0
30.16977777777777,27.8426168888889,0.0
30.26933333333333,27.691690666666677,0.0
30.36888888888889,27.540764444444445,0.0
30.468444444444444,27.389838222222224,0.0
30.568,27.238912,0.0
30.667555555555555,27.087985777777778,0.0
30.76711111111111,26.93705955555556,0.0
30.866666666666664,26.78613333333334,0.0
30.96622222222222,26.635207111111114,0.0
31.06577777777777,26.4842808888889,0.0
31.165333333333333,26.33335466666667,0.0
31.264888888888887,26.182428444444447,0.0
31.36444444444444,26.03150222222223,0.0
31.464,25.880576000000005,0.0
31.563555555555556,25.729649777777777,0.0
31.66311111111111,25.57872355555556,0.0
31.762666666666664,25.427797333333338,0.0
31.862222222222226,25.276871111111106,0.0
31.961777777777776,25.125944888888892,0.0
32.06133333333333,24.97501866666667,0.0
32.16088888888889,24.824092444444442,0.0
32.260444444444445,24.67316622222222,0.0
32.36,24.522240000000004,0.0
32.45955555555555,24.371313777777782,0.0
32.55911111111111,24.22038755555556,0.0
32.65866666666666,24.069461333333344,0.0
32.758222222222216,23.918535111111122,0.0
32.85777777777778,23.76760888888889,0.0
32.95733333333333,23.61668266666667,0.0
33.056888888888885,23.46575644444445,0.0
33.156444444444446,23.31483022222222,0.0
33.256,23.163904000000002,0.0
33.355555555555554,23.01297777777778,0.0
33.45511111111111,22.86205155555556,0.0
33.55466666666666,22.711125333333342,0.0
33.654222222222224,22.56019911111111,0.0
33.75377777777778,22.40927288888889,0.0
33.85333333333333,22.258346666666668,0.0
33.952888888888886,22.10742044444445,0.0
34.05244444444444,21.95649422222223,0.0
34.152,21.805568,0.0
34.251555555555555,21.65464177777778,0.0
34.35111111111111,21.50371555555556,0.0
34.45066666666666,21.35278933333334,0.0
34.55022222222222,21.20186311111112,0.0
34.64977777777778,21.050936888888888,0.0
34.74933333333333,20.900010666666667,0.0
34.84888888888889,20.74908444444445,0.0
34.94844444444444,20.598158222222228,0.0
35.047999999999995,20.447232000000007,0.0
35.14755555555556,20.296305777777768,0.0
35.24711111111111,20.145379555555557,0.0
35.346666666666664,19.99445333333334,0.0
35.44622222222222,19.843527111111115,0.0
35.54577777777778,19.692600888888887,0.0
35.64533333333333,19.541674666666665,0.0
35.74488888888889,19.390748444444448,0.0
35.84444444444444,19.239822222222227,0.0
35.944,19.088896,0.0
36.04355555555556,18.937969777777774,0.0
36.14311111111111,18.787043555555556,0.0
36.242666666666665,18.63611733333334,0.0
36.34222222222222,18.485191111111114,0.0
36.44177777777777,18.334264888888896,0.0
36.54133333333333,18.18333866666668,0.0
36.64088888888889,18.032412444444446,0.0
36.74044444444444,17.881486222222225,0.0
36.84,17.730559999999997,0.0
36.93955555555555,17.579633777777786,0.0
37.03911111111111,17.428707555555555,0.0
37.138666666666666,17.277781333333337,0.0
37.23822222222222,17.126855111111112,0.0
37.337777777777774,16.975928888888895,0.0
37.43733333333333,16.825002666666677,0.0
37.53688888888889,16.674076444444445,0.0
37.63644444444444,16.523150222222224,0.0
37.736,16.372224000000003,0.0
37.83555555555555,16.221297777777785,0.0
37.93511111111111,16.070371555555553,0.0
38.034666666666666,15.919445333333334,0.0
38.13422222222222,15.768519111111113,0.0
38.233777777777775,15.617592888888893,0.0
38.33333333333333,15.466666666666674,0.0
38.43288888888889,15.315740444444442,0.0
38.53244444444445,15.164814222222212,0.0
38.632,15.013888000000003,0.0
38.73155555555555,14.862961777777782,0.0
38.83111111111111,14.712035555555552,0.0
38.93066666666667,14.561109333333333,0.0
39.03022222222222,14.410183111111111,0.0
39.129777777777775,14.259256888888892,0.0
39.22933333333333,14.108330666666673,0.0
39.32888888888888,13.957404444444451,0.0
39.428444444444445,13.806478222222221,0.0
39.528,13.655552000000002,0.0
39.62755555555555,13.50462577777778,0.0
39.72711111111111,13.353699555555561,0.0
39.82666666666667,13.202773333333331,0.0
39.92622222222222,13.05184711111111,0.0
40.025777777777776,12.924783377777779,0.0
40.12533333333333,12.866015733333334,0.0
40.22488888888888,12.807248088888896,0.0
40.324444444444445,12.748480444444443,0.0
40.424,12.6897128,0.0
40.523555555555554,12.630945155555557,0.0
40.62311111111111,12.572177511111112,0.0
40.72266666666666,12.513409866666668,0.0
40.82222222222222,12.45464222222222,0.0
40.92177777777778,12.395874577777779,0.0
41.02133333333333,12.337106933333335,0.0
41.120888888888885,12.27833928888889,0.0
41.22044444444444,12.219571644444446,0.0
41.32,12.160803999999999,0.0
41.419555555555554,12.102036355555557,0.0
41.51911111111111,12.043268711111113,0.0
41.61866666666666,11.984501066666668,0.0
41.71822222222222,11.925733422222224,0.0
41.81777777777778,11.866965777777777,0.0
41.91733333333333,11.808198133333335,0.0
42.016888888888886,11.74943048888889,0.0
42.11644444444444,11.690662844444446,0.0
42.216,11.631895199999999,0.0
42.31555555555556,11.573127555555551,0.0
42.41511111111111,11.514359911111113,0.0
42.51466666666666,11.455592266666669,0.0
42.61422222222222,11.396824622222224,0.0
42.71377777777778,11.338056977777777,0.0
42.81333333333333,11.279289333333333,0.0
42.91288888888889,11.22052168888889,0.0
43.01244444444444,11.161754044444447,0.0
43.112,11.102986399999999,0.0
43.21155555555556,11.044218755555551,0.0
43.31111111111111,10.98545111111111,0.0
43.41066666666666,10.926683466666672,0.0
43.51022222222222,10.867915822222225,0.0
43.60977777777777,10.80914817777778,0.0
43.70933333333333,10.750380533333333,0.0
43.80888888888889,10.691612888888889,0.0
43.90844444444444,10.632845244444447,0.0
44.008,10.574077599999999,0.0
44.10755555555555,10.515309955555558,0.0
44.20711111111111,10.45654231111111,0.0
44.306666666666665,10.397774666666667,0.0
44.40622222222222,10.339007022222225,0.0
44.50577777777777,10.28023937777778,0.0
44.60533333333333,10.221471733333336,0.0
44.70488888888889,10.162704088888889,0.0
44.80444444444444,10.103936444444447,0.0
44.904,10.045168799999997,0.0
45.00355555555555,9.986401155555559,0.0
45.10311111111111,9.927633511111111,0.0
45.202666666666666,9.868865866666667,0.0
45.30222222222222,9.810098222222223,0.0
45.401777777777774,9.75133057777778,0.0
45.50133333333333,9.692562933333337,0.0
45.60088888888889,9.633795288888889,0.0
45.70044444444444,9.575027644444445,0.0
45.8,9.516260000000003,0.0
45.89955555555555,9.457492355555559,0.0
45.99911111111111,9.398724711111111,0.0
46.09866666666667,9.339957066666667,0.0
46.19822222222222,9.281189422222223,0.0
46.297777777777775,9.222421777777779,0.0
46.39733333333333,9.163654133333337,0.0
46.49688888888889,9.104886488888887,0.0
46.59644444444445,9.04611884444444,0.0
46.696,8.9873512,0.0
46.79555555555555,8.928583555555559,0.0
46.89511111111111,8.869815911111111,0.0
46.99466666666667,8.811048266666667,0.0
47.09422222222222,8.752280622222223,0.0
47.193777777777775,8.693512977777779,0.0
47.29333333333333,8.634745333333335,0.0
47.39288888888888,8.57597768888889,0.0
47.492444444444445,8.517210044444443,0.0
47.592,8.458442400000001,0.0
47.69155555555555,8.399674755555557,0.0
47.79111111111111,8.340907111111115,0.0
47.89066666666666,8.28213946666667,0.0
47.99022222222222,8.223371822222223,0.0
48.089777777777776,8.164604177777779,0.0
48.18933333333333,8.105836533333335,0.0
48.28888888888888,8.047068888888896,0.0
48.38844444444444,7.988301244444448,0.0
48.488,7.9295336,0.0
48.587555555555554,7.870765955555557,0.0
48.68711111111111,7.811998311111113,0.0
48.78666666666666,7.75323066666667,0.0
48.88622222222222,7.694463022222222,0.0
48.98577777777778,7.635695377777778,0.0
49.08533333333333,7.576927733333335,0.0
49.184888888888885,7.518160088888891,0.0
49.28444444444444,7.459392444444448,0.0
49.384,7.4006248,0.0
49.483555555555554,7.341857155555556,0.0
49.58311111111111,7.283089511111113,0.0
49.68266666666666,7.224321866666669,0.0
49.78222222222222,7.165554222222226,0.0
49.88177777777778,7.106786577777778,0.0
49.98133333333333,7.048018933333334,0.0
50.080888888888886,7.014650400000001,0.0
50.18044444444444,6.987143200000001,0.0
50.28,6.959636,0.0
50.37955555555556,6.932128799999998,0.0
50.47911111111111,6.9046216000000005,0.0
50.57866666666666,6.877114400000001,0.0
50.67822222222222,6.849607200000001,0.0
50.77777777777777,6.822100000000002,0.0
50.87733333333333,6.7945928,0.0
50.97688888888889,6.767085600000001,0.0
51.07644444444444,6.739578400000001,0.0
51.176,6.7120712,0.0
51.27555555555556,6.684563999999998,0.0
51.37511111111111,6.6570568,0.0
51.47466666666666,6.6295496000000025,0.0
51.57422222222222,6.602042400000001,0.0
51.67377777777777,6.5745352000000015,0.0
51.77333333333333,6.547028,0.0
51.87288888888889,6.5195208000000004,0.0
51.97244444444444,6.492013600000001,0.0
52.072,6.464506399999999,0.0
52.17155555555555,6.436999200000002,0.0
52.27111111111111,6.409492,0.0
52.370666666666665,6.381984800000001,0.0
52.47022222222222,6.354477600000001,0.0
52.56977777777777,6.326970400000001,0.0
52.66933333333333,6.299463200000002,0.0
52.76888888888889,6.271956,0.0
52.86844444444444,6.244448800000001,0.0
52.968,6.216941599999999,0.0
53.06755555555555,6.1894344000000014,0.0
53.16711111111111,6.1619272,0.0
53.266666666666666,6.13442,0.0
53.36622222222222,6.106912800000001,0.0
53.465777777777774,6.079405600000001,0.0
53.56533333333333,6.051898400000002,0.0
53.66488888888889,6.0243912,0.0
53.76444444444444,5.9968840000000005,0.0
53.864,5.969376800000001,0.0
53.96355555555555,5.941869600000001,0.0
54.06311111111111,5.9143624,0.0
54.16266666666667,5.8868552,0.0
54.26222222222222,5.859348000000001,0.0
54.361777777777775,5.831840800000001,0.0
54.46133333333333,5.804333600000001,0.0
54.56088888888888,5.776826400000002,0.0
54.66044444444445,5.749319199999999,0.0
54.76,5.721812000000001,0.0
54.85955555555555,5.694304800000001,0.0
54.95911111111111,5.666797599999999,0.0
55.05866666666666,5.639290400000002,0.0
55.15822222222222,5.6117832000000005,0.0
55.257777777777775,5.584276000000001,0.0
55.35733333333333,5.556768800000001,0.0
55.45688888888888,5.529261600000003,0.0
55.556444444444445,5.501754399999999,0.0
55.656,5.474247200000001,0.0
55.75555555555555,5.446740000000001,0.0
55.85511111111111,5.419232800000001,0.0
55.95466666666666,5.391725600000002,0.0
56.05422222222222,5.3642184,0.0
56.153777777777776,5.3367112,0.0
56.25333333333333,5.309204000000001,0.0
56.35288888888888,5.281696800000003,0.0
56.45244444444444,5.254189600000002,0.0
56.552,5.2266824,0.0
56.651555555555554,5.199175200000001,0.0
56.75111111111111,5.171668,0.0
56.85066666666666,5.144160800000002,0.0
56.950222222222216,5.116653600000002,0.0
57.04977777777778,5.089146400000001,0.0
57.14933333333333,5.0616392,0.0
57.248888888888885,5.034132000000001,0.0
57.34844444444444,5.006624800000001,0.0
57.44799999999999,4.979117600000002,0.0
57.547555555555554,4.9516104,0.0
57.64711111111111,4.924103200000001,0.0
57.74666666666666,4.896596000000001,0.0
57.84622222222222,4.869088800000002,0.0
57.94577777777778,4.8415816,0.0
58.04533333333333,4.814074400000001,0.0
58.144888888888886,4.7865672,0.0
58.24444444444444,4.759060000000002,0.0
58.344,4.731552799999999,0.0
58.44355555555556,4.704045599999998,0.0
58.54311111111111,4.6765384,0.0
58.64266666666666,4.649031200000001,0.0
58.74222222222222,4.621524000000001,0.0
58.84177777777777,4.594016800000002,0.0
58.94133333333333,4.5665096,0.0
59.04088888888889,4.539002400000001,0.0
59.14044444444444,4.511495200000001,0.0
59.24,4.483988,0.0
59.33955555555555,4.456480800000001,0.0
59.43911111111111,4.428973600000001,0.0
59.53866666666666,4.401466400000002,0.0
59.63822222222222,4.373959200000002,0.0
59.73777777777777,4.346452000000001,0.0
59.83733333333333,4.318944800000001,0.0
59.93688888888889,4.2914376,0.0
60.03644444444444,4.269787022222222,0.0
60.136,4.2582784,0.0
60.23555555555555,4.246769777777779,0.0
60.33511111111111,4.2352611555555555,0.0
60.434666666666665,4.223752533333333,0.0
60.53422222222222,4.212243911111112,0.0
60.63377777777777,4.20073528888889,0.0
60.73333333333333,4.189226666666667,0.0
60.83288888888889,4.177718044444444,0.0
60.93244444444444,4.166209422222223,0.0
61.032,4.1547008000000005,0.0
61.13155555555555,4.143192177777778,0.0
61.23111111111111,4.131683555555555,0.0
61.330666666666666,4.120174933333334,0.0
61.43022222222222,4.1086663111111115,0.0
61.529777777777774,4.097157688888889,0.0
61.62933333333333,4.085649066666667,0.0
61.72888888888888,4.074140444444446,0.0
61.82844444444444,4.062631822222222,0.0
61.928,4.0511232,0.0
62.02755555555555,4.039614577777778,0.0
62.12711111111111,4.028105955555556,0.0
62.22666666666667,4.016597333333333,0.0
62.32622222222222,4.005088711111111,0.0
62.425777777777775,3.9935800888888893,0.0
62.52533333333333,3.982071466666667,0.0
62.62488888888888,3.970562844444445,0.0
62.72444444444445,3.9590542222222216,0.0
62.824,3.9475456,0.0
62.92355555555555,3.9360369777777784,0.0
63.02311111111111,3.9245283555555552,0.0
63.12266666666666,3.913019733333334,0.0
63.22222222222222,3.901511111111111,0.0
63.321777777777775,3.8900024888888893,0.0
63.42133333333333,3.878493866666667,0.0
63.52088888888888,3.8669852444444457,0.0
63.62044444444444,3.855476622222223,0.0
63.72,3.8439680000000003,0.0
63.81955555555555,3.832459377777778,0.0
63.91911111111111,3.820950755555556,0.0
64.01866666666666,3.809442133333334,0.0
64.11822222222222,3.797933511111112,0.0
64.21777777777777,3.78642488888889,0.0
64.31733333333332,3.7749162666666676,0.0
64.41688888888888,3.7634076444444458,0.0
64.51644444444443,3.751899022222224,0.0
64.616,3.7403904,0.0
64.71555555555555,3.728881777777778,0.0
64.81511111111111,3.717373155555556,0.0
64.91466666666666,3.705864533333334,0.0
65.01422222222222,3.6943559111111117,0.0
65.11377777777777,3.68284728888889,0.0
65.21333333333332,3.6713386666666676,0.0
65.31288888888889,3.659830044444444,0.0
65.41244444444445,3.6483214222222218,0.0
65.512,3.6368128,0.0
65.61155555555555,3.625304177777778,0.0
65.71111111111111,3.613795555555556,0.0
65.81066666666666,3.6022869333333336,0.0
65.91022222222222,3.590778311111112,0.0
66.00977777777777,3.5792696888888895,0.0
66.10933333333332,3.5677610666666677,0.0
66.20888888888888,3.5562524444444454,0.0
66.30844444444445,3.544743822222222,0.0
66.408,3.5332352,0.0
66.50755555555556,3.5217265777777778,0.0
66.60711111111111,3.5102179555555555,0.0
66.70666666666666,3.4987093333333337,0.0
66.80622222222222,3.487200711111112,0.0
66.90577777777777,3.4756920888888896,0.0
67.00533333333333,3.4641834666666673,0.0
67.10488888888888,3.4526748444444455,0.0
67.20444444444443,3.4411662222222237,0.0
67.304,3.4296575999999996,0.0
67.40355555555556,3.418148977777778,0.0
67.50311111111111,3.4066403555555556,0.0
67.60266666666666,3.3951317333333337,0.0
67.70222222222222,3.3836231111111115,0.0
67.80177777777777,3.372114488888889,0.0
67.90133333333333,3.3606058666666674,0.0
68.00088888888888,3.3490972444444456,0.0
68.10044444444443,3.3375886222222233,0.0
68.2,3.3260799999999997,0.0
68.29955555555556,3.3145713777777774,0.0
68.39911111111111,3.3030627555555556,0.0
68.49866666666667,3.2915541333333334,0.0
68.59822222222222,3.2800455111111115,0.0
68.69777777777777,3.2685368888888893,0.0
68.79733333333333,3.2570282666666674,0.0
68.89688888888888,3.245519644444445,0.0
68.99644444444444,3.234011022222223,0.0
69.09599999999999,3.222502400000001,0.0
69.19555555555556,3.2109937777777775,0.0
69.29511111111111,3.1994851555555552,0.0
69.39466666666667,3.1879765333333334,0.0
69.49422222222222,3.1764679111111116,0.0
69.59377777777777,3.1649592888888893,0.0
69.69333333333333,3.153450666666667,0.0
69.79288888888888,3.1419420444444452,0.0
69.89244444444444,3.1304334222222234,0.0
69.99199999999999,3.118924800000001,0.0
70.09155555555556,3.107416177777777,0.0
70.19111111111111,3.0959075555555553,0.0
70.29066666666667,3.0843989333333335,0.0
70.39022222222222,3.072890311111111,0.0
70.48977777777777,3.061381688888889,0.0
70.58933333333333,3.049873066666667,0.0
70.68888888888888,3.0383644444444453,0.0
70.78844444444444,3.026855822222223,0.0
70.88799999999999,3.015347200000001,0.0
70.98755555555555,3.003838577777779,0.0
71.08711111111111,2.9923299555555554,0.0
71.18666666666667,2.980821333333333,0.0
71.28622222222222,2.969312711111111,0.0
71.38577777777778,2.957804088888889,0.0
71.48533333333333,2.946295466666667,0.0
71.58488888888888,2.934786844444445,0.0
71.68444444444444,2.9232782222222227,0.0
71.78399999999999,2.911769600000001,0.0
71.88355555555555,2.900260977777779,0.0
71.98311111111111,2.888752355555555,0.0
72.08266666666667,2.877243733333333,0.0
72.18222222222222,2.8657351111111113,0.0
72.28177777777778,2.854226488888889,0.0
72.38133333333333,2.842717866666667,0.0
72.48088888888888,2.8312092444444446,0.0
72.58044444444444,2.8197006222222227,0.0
72.67999999999999,2.808192000000001,0.0
72.77955555555555,2.7966833777777786,0.0
72.8791111111111,2.7851747555555564,0.0
72.97866666666667,2.7736661333333332,0.0
73.07822222222222,2.762157511111111,0.0
73.17777777777778,2.7506488888888887,0.0
73.27733333333333,2.739140266666667,0.0
73.37688888888889,2.727631644444445,0.0
73.47644444444444,2.716123022222223,0.0
73.576,2.7046144000000005,0.0
73.67555555555555,2.6931057777777787,0.0
73.7751111111111,2.681597155555557,0.0
73.87466666666666,2.6700885333333346,0.0
73.97422222222222,2.6585799111111106,0.0
74.07377777777778,2.6470712888888888,0.0
74.17333333333333,2.635562666666667,0.0
74.27288888888889,2.6240540444444447,0.0
74.37244444444444,2.6125454222222224,0.0
74.472,2.6010368000000006,0.0
74.57155555555555,2.5895281777777788,0.0
74.6711111111111,2.5780195555555565,0.0
74.77066666666666,2.5665109333333342,0.0
74.87022222222222,2.5550023111111106,0.0
74.96977777777778,2.543493688888889,0.0
75.06933333333333,2.5319850666666666,0.0
75.16888888888889,2.5204764444444443,0.0
75.26844444444444,2.5089678222222225,0.0
75.368,2.4974592000000007,0.0
75.46755555555555,2.4859505777777784,0.0
75.5671111111111,2.474441955555556,0.0
75.66666666666666,2.4629333333333343,0.0
75.76622222222221,2.4514247111111125,0.0
75.86577777777778,2.4399160888888884,0.0
75.96533333333333,2.4284074666666666,0.0
76.06488888888889,2.416898844444445,0.0
76.16444444444444,2.4053902222222225,0.0
76.264,2.3938816000000003,0.0
76.36355555555555,2.382372977777778,0.0
76.4631111111111,2.370864355555556,0.0
76.56266666666666,2.3593557333333344,0.0
76.66222222222221,2.347847111111112,0.0
76.76177777777778,2.3363384888888885,0.0
76.86133333333333,2.3248298666666667,0.0
76.96088888888889,2.3133212444444444,0.0
77.06044444444444,2.301812622222222,0.0
77.16,2.2903040000000003,0.0
77.25955555555555,2.2787953777777785,0.0
77.3591111111111,2.2672867555555563,0.0
77.45866666666666,2.255778133333334,0.0
77.55822222222221,2.244269511111112,0.0
77.65777777777777,2.23276088888889,0.0
77.75733333333334,2.2212522666666663,0.0
77.85688888888889,2.2097436444444445,0.0
77.95644444444444,2.1982350222222222,0.0
78.056,2.1867264,0.0
78.15555555555555,2.175217777777778,0.0
78.2551111111111,2.163709155555556,0.0
78.35466666666666,2.152200533333334,0.0
78.45422222222221,2.140691911111112,0.0
78.55377777777777,2.12918328888889,0.0
78.65333333333334,2.1176746666666664,0.0
78.75288888888889,2.106166044444444,0.0
78.85244444444444,2.0946574222222223,0.0
78.952,2.0831488,0.0
79.05155555555555,2.071640177777778,0.0
79.1511111111111,2.060131555555556,0.0
79.25066666666666,2.048622933333334,0.0
79.35022222222221,2.037114311111112,0.0
79.44977777777777,2.02560568888889,0.0
79.54933333333332,2.0140970666666678,0.0
79.64888888888889,2.002588444444444,0.0
79.74844444444444,1.991079822222222,0.0
79.848,1.9795712,0.0
79.94755555555555,1.9680625777777778,0.0
80.04711111111111,1.959960088888889,0.0
80.14666666666666,1.9556493333333336,0.0
80.24622222222222,1.951338577777778,0.0
80.34577777777777,1.9470278222222226,0.0
80.44533333333332,1.942717066666667,0.0
80.54488888888888,1.9384063111111116,0.0
80.64444444444445,1.9340955555555555,0.0
80.744,1.9297848,0.0
80.84355555555555,1.9254740444444445,0.0
80.94311111111111,1.921163288888889,0.0
81.04266666666666,1.9168525333333335,0.0
81.14222222222222,1.912541777777778,0.0
81.24177777777777,1.9082310222222225,0.0
81.34133333333332,1.903920266666667,0.0
81.44088888888888,1.8996095111111115,0.0
81.54044444444445,1.8952987555555554,0.0
81.64,1.890988,0.0
81.73955555555555,1.8866772444444444,0.0
81.83911111111111,1.882366488888889,0.0
81.93866666666666,1.8780557333333334,0.0
82.03822222222222,1.873744977777778,0.0
82.13777777777777,1.8694342222222224,0.0
82.23733333333332,1.865123466666667,0.0
82.33688888888888,1.8608127111111115,0.0
82.43644444444443,1.856501955555556,0.0
82.536,1.8521912,0.0
82.63555555555556,1.8478804444444443,0.0
82.73511111111111,1.843569688888889,0.0
82.83466666666666,1.8392589333333333,0.0
82.93422222222222,1.834948177777778,0.0
83.03377777777777,1.8306374222222224,0.0
83.13333333333333,1.826326666666667,0.0
83.23288888888888,1.8220159111111114,0.0
83.33244444444443,1.8177051555555561,0.0
83.432,1.8133944,0.0
83.53155555555556,1.8090836444444445,0.0
83.63111111111111,1.804772888888889,0.0
83.73066666666666,1.8004621333333335,0.0
83.83022222222222,1.796151377777778,0.0
83.92977777777777,1.7918406222222225,0.0
84.02933333333333,1.787529866666667,0.0
84.12888888888888,1.7832191111111115,0.0
84.22844444444443,1.778908355555556,0.0
84.32799999999999,1.7745976000000006,0.0
84.42755555555556,1.7702868444444444,0.0
84.52711111111111,1.765976088888889,0.0
84.62666666666667,1.7616653333333334,0.0
84.72622222222222,1.757354577777778,0.0
84.82577777777777,1.7530438222222224,0.0
84.92533333333333,1.748733066666667,0.0
85.02488888888888,1.7444223111111115,0.0
85.12444444444444,1.740111555555556,0.0
85.22399999999999,1.7358008000000005,0.0
85.32355555555556,1.7314900444444443,0.0
85.42311111111111,1.7271792888888888,0.0
85.52266666666667,1.7228685333333333,0.0
85.62222222222222,1.7185577777777779,0.0
85.72177777777777,1.7142470222222224,0.0
85.82133333333333,1.7099362666666669,0.0
85.92088888888888,1.7056255111111114,0.0
86.02044444444444,1.701314755555556,0.0
86.11999999999999,1.6970040000000004,0.0
86.21955555555554,1.692693244444445,0.0
86.31911111111111,1.6883824888888888,0.0
86.41866666666667,1.6840717333333335,0.0
86.51822222222222,1.6797609777777778,0.0
86.61777777777777,1.6754502222222225,0.0
86.71733333333333,1.6711394666666668,0.0
86.81688888888888,1.6668287111111115,0.0
86.91644444444444,1.6625179555555558,0.0
87.01599999999999,1.6582072000000005,0.0
87.11555555555555,1.6538964444444448,0.0
87.2151111111111,1.6495856888888896,0.0
87.31466666666667,1.6452749333333334,0.0
87.41422222222222,1.6409641777777777,0.0
87.51377777777778,1.6366534222222224,0.0
87.61333333333333,1.6323426666666667,0.0
87.71288888888888,1.6280319111111115,0.0
87.81244444444444,1.6237211555555557,0.0
87.91199999999999,1.6194104000000005,0.0
88.01155555555555,1.6150996444444448,0.0
88.1111111111111,1.6107888888888895,0.0
88.21066666666667,1.6064781333333333,0.0
88.31022222222222,1.6021673777777778,0.0
88.40977777777778,1.5978566222222224,0.0
88.50933333333333,1.5935458666666669,0.0
88.60888888888888,1.5892351111111114,0.0
88.70844444444444,1.5849243555555559,0.0
88.80799999999999,1.5806136000000004,0.0
88.90755555555555,1.576302844444445,0.0
89.0071111111111,1.5719920888888894,0.0
89.10666666666665,1.567681333333334,0.0
89.20622222222222,1.5633705777777778,0.0
89.30577777777778,1.5590598222222223,0.0
89.40533333333333,1.5547490666666668,0.0
89.50488888888889,1.5504383111111113,0.0
89.60444444444444,1.5461275555555558,0.0
89.704,1.5418168000000003,0.0
89.80355555555555,1.5375060444444448,0.0
89.9031111111111,1.5331952888888893,0.0
90.00266666666666,1.5288845333333339,0.0
90.10222222222222,1.5245737777777777,0.0
90.20177777777778,1.5202630222222222,0.0
90.30133333333332,1.5159522666666674,0.0
90.40088888888889,1.5116415111111112,0.0
90.50044444444444,1.5073307555555557,0.0
90.6,1.5030200000000002,0.0
90.69955555555556,1.498709244444444,0.0
90.7991111111111,1.4943984888888893,0.0
90.89866666666666,1.4900877333333338,0.0
90.9982222222222,1.485776977777779,0.0
91.09777777777778,1.4814662222222221,0.0
91.19733333333332,1.4771554666666673,0.0
91.29688888888889,1.4728447111111111,0.0
91.39644444444444,1.4685339555555559,0.0
91.496,1.4642232000000002,0.0
91.59555555555556,1.459912444444444,0.0
91.6951111111111,1.4556016888888892,0.0
91.79466666666666,1.451290933333334,0.0
91.8942222222222,1.446980177777779,0.0
91.99377777777778,1.442669422222222,0.0
92.09333333333332,1.4383586666666672,0.0
92.19288888888887,1.434047911111112,0.0
92.29244444444444,1.4297371555555558,0.0
92.392,1.4254264,0.0
92.49155555555556,1.4211156444444442,0.0
92.5911111111111,1.4168048888888891,0.0
92.69066666666666,1.4124941333333338,0.0
92.7902222222222,1.408183377777779,0.0
92.88977777777777,1.4038726222222229,0.0
92.98933333333332,1.3995618666666672,0.0
93.08888888888887,1.3952511111111119,0.0
93.18844444444444,1.3909403555555557,0.0
93.288,1.3866296000000002,0.0
93.38755555555556,1.382318844444444,0.0
93.4871111111111,1.3780080888888893,0.0
93.58666666666666,1.3736973333333338,0.0
93.6862222222222,1.369386577777779,0.0
93.78577777777777,1.3650758222222228,0.0
93.88533333333332,1.3607650666666673,0.0
93.98488888888888,1.3564543111111118,0.0
94.08444444444444,1.3521435555555557,0.0
94.184,1.3478328000000002,0.0
94.28355555555557,1.3435220444444442,0.0
94.3831111111111,1.3392112888888892,0.0
94.48266666666666,1.3349005333333337,0.0
94.5822222222222,1.3305897777777789,0.0
94.68177777777775,1.3262790222222234,0.0
94.78133333333332,1.3219682666666672,0.0
94.88088888888888,1.3176575111111117,0.0
94.98044444444444,1.3133467555555556,0.0
95.08,1.3090360000000003,0.0
95.17955555555557,1.3047252444444442,0.0
95.2791111111111,1.3004144888888893,0.0
95.37866666666666,1.2961037333333336,0.0
95.4782222222222,1.2917929777777788,0.0
95.57777777777775,1.2874822222222233,0.0
95.67733333333332,1.2831714666666674,0.0
95.77688888888888,1.2788607111111117,0.0
95.87644444444445,1.2745499555555555,0.0
95.976,1.2702392000000002,0.0
96.07555555555555,1.2659284444444445,0.0
96.17511111111112,1.2616176888888886,0.0
96.27466666666666,1.2573069333333335,0.0
96.37422222222222,1.2529961777777783,0.0
96.47377777777776,1.2486854222222235,0.0
96.57333333333332,1.2443746666666673,0.0
96.67288888888888,1.2400639111111116,0.0
96.77244444444445,1.2357531555555556,0.0
96.872,1.2314424000000002,0.0
96.97155555555555,1.2271316444444447,0.0
97.07111111111112,1.2228208888888885,0.0
97.17066666666666,1.2185101333333337,0.0
97.27022222222222,1.2141993777777782,0.0
97.36977777777776,1.2098886222222234,0.0
97.46933333333332,1.2055778666666672,0.0
97.56888888888888,1.2012671111111117,0.0
97.66844444444445,1.1969563555555556,0.0
97.768,1.1926456,0.0
97.86755555555555,1.1883348444444446,0.0
97.96711111111112,1.1840240888888887,0.0
98.06666666666666,1.1797133333333336,0.0
98.16622222222222,1.1754025777777781,0.0
98.26577777777776,1.1710918222222233,0.0
98.36533333333333,1.1667810666666671,0.0
98.46488888888888,1.1624703111111117,0.0
98.56444444444443,1.1581595555555562,0.0
98.664,1.1538488,0.0
98.76355555555556,1.1495380444444447,0.0
98.86311111111112,1.1452272888888886,0.0
98.96266666666666,1.1409165333333338,0.0
99.06222222222222,1.136605777777778,0.0
99.16177777777776,1.1322950222222232,0.0
99.26133333333333,1.127984266666667,0.0
99.36088888888888,1.1236735111111118,0.0
99.46044444444443,1.119362755555556,0.0
99.56,1.115052,0.0
99.65955555555556,1.1107412444444447,0.0
99.75911111111112,1.1064304888888885,0.0
99.85866666666666,1.1021197333333337,0.0
99.95822222222222,1.097808977777778,0.0
100.05777777777776,1.0952197688888892,0.0
100.15733333333333,1.0938753706666668,0.0
100.25688888888888,1.0925309724444447,0.0
100.35644444444443,1.0911865742222224,0.0
100.456,1.089842176,0.0
100.55555555555554,1.088497777777778,0.0
100.65511111111113,1.0871533795555555,0.0
100.75466666666668,1.0858089813333331,0.0
100.85422222222222,1.0844645831111113,0.0
100.95377777777776,1.0831201848888892,0.0
101.05333333333331,1.081775786666667,0.0
101.15288888888888,1.0804313884444445,0.0
101.25244444444444,1.0790869902222224,0.0
101.352,1.077742592,0.0
101.45155555555554,1.076398193777778,0.0
101.55111111111113,1.0750537955555555,0.0
101.65066666666668,1.0737093973333331,0.0
101.75022222222222,1.0723649991111113,0.0
101.84977777777776,1.0710206008888892,0.0
101.94933333333331,1.069676202666667,0.0
102.04888888888888,1.0683318044444445,0.0
102.14844444444444,1.0669874062222224,0.0
102.248,1.0656430080000001,0.0
102.34755555555554,1.064298609777778,0.0
102.4471111111111,1.0629542115555557,0.0
102.54666666666668,1.0616098133333332,0.0
102.64622222222222,1.0602654151111113,0.0
102.74577777777776,1.0589210168888892,0.0
102.84533333333331,1.057576618666667,0.0
102.94488888888888,1.0562322204444445,0.0
103.04444444444444,1.0548878222222224,0.0
103.144,1.0535434240000001,0.0
103.24355555555556,1.0521990257777778,0.0
103.3431111111111,1.0508546275555557,0.0
103.44266666666668,1.0495102293333332,0.0
103.54222222222222,1.0481658311111113,0.0
103.64177777777778,1.046821432888889,0.0
103.74133333333332,1.045477034666667,0.0
103.84088888888888,1.0441326364444445,0.0
103.94044444444444,1.0427882382222224,0.0
104.04,1.04144384,0.0
104.13955555555556,1.0400994417777778,0.0
104.2391111111111,1.0387550435555557,0.0
104.33866666666664,1.0374106453333338,0.0
104.43822222222222,1.0360662471111113,0.0
104.53777777777778,1.034721848888889,0.0
104.63733333333332,1.0333774506666669,0.0
104.73688888888888,1.0320330524444445,0.0
104.83644444444444,1.0306886542222224,0.0
104.936,1.029344256,0.0
105.03555555555556,1.0279998577777778,0.0
105.1351111111111,1.0266554595555557,0.0
105.23466666666666,1.0253110613333336,0.0
105.33422222222222,1.023966663111111,0.0
105.43377777777778,1.022622264888889,0.0
105.53333333333332,1.0212778666666669,0.0
105.63288888888889,1.0199334684444445,0.0
105.73244444444444,1.0185890702222224,0.0
105.832,1.0172446720000001,0.0
105.93155555555556,1.0159002737777778,0.0
106.0311111111111,1.0145558755555557,0.0
106.13066666666666,1.0132114773333336,0.0
106.2302222222222,1.0118670791111115,0.0
106.32977777777778,1.010522680888889,0.0
106.42933333333332,1.0091782826666669,0.0
106.52888888888889,1.0078338844444445,0.0
106.62844444444444,1.0064894862222225,0.0
106.728,1.0051450880000001,0.0
106.82755555555556,1.0038006897777778,0.0
106.9271111111111,1.0024562915555557,0.0
107.02666666666666,1.0011118933333336,0.0
107.1262222222222,0.9997674951111115,0.0
107.22577777777776,0.9984230968888892,0.0
107.32533333333332,0.997078698666667,0.0
107.42488888888889,0.9957343004444446,0.0
107.52444444444444,0.9943899022222223,0.0
107.624,0.9930455040000001,0.0
107.72355555555556,0.9917011057777778,0.0
107.8231111111111,0.9903567075555557,0.0
107.92266666666666,0.9890123093333335,0.0
108.0222222222222,0.9876679111111115,0.0
108.12177777777777,0.9863235128888892,0.0
108.22133333333332,0.9849791146666669,0.0
108.32088888888887,0.9836347164444448,0.0
108.42044444444444,0.9822903182222223,0.0
108.52,0.9809459200000001,0.0
108.61955555555556,0.9796015217777777,0.0
108.7191111111111,0.9782571235555557,0.0
108.81866666666666,0.9769127253333335,0.0
108.9182222222222,0.9755683271111115,0.0
109.01777777777777,0.9742239288888891,0.0
109.11733333333332,0.9728795306666669,0.0
109.21688888888887,0.9715351324444448,0.0
109.31644444444444,0.9701907342222224,0.0
109.416,0.9688463360000001,0.0
109.51555555555557,0.9675019377777777,0.0
109.6151111111111,0.9661575395555557,0.0
109.71466666666666,0.9648131413333335,0.0
109.8142222222222,0.9634687431111115,0.0
109.91377777777775,0.9621243448888893,0.0
110.01333333333332,0.9607799466666669,0.0
110.11288888888888,0.9594355484444447,0.0
110.21244444444444,0.9580911502222224,0.0
110.312,0.9567467520000001,0.0
110.41155555555557,0.9554023537777777,0.0
110.5111111111111,0.9540579555555557,0.0
110.61066666666666,0.9527135573333335,0.0
110.7102222222222,0.9513691591111115,0.0
110.80977777777775,0.9500247608888893,0.0
110.90933333333332,0.9486803626666669,0.0
111.00888888888888,0.9473359644444447,0.0
111.10844444444444,0.9459915662222222,0.0
111.208,0.9446471680000001,0.0
111.30755555555557,0.9433027697777777,0.0
111.4071111111111,0.9419583715555557,0.0
111.50666666666666,0.9406139733333335,0.0
111.6062222222222,0.9392695751111115,0.0
111.70577777777775,0.9379251768888893,0.0
111.80533333333332,0.9365807786666669,0.0
111.90488888888888,0.9352363804444447,0.0
112.00444444444445,0.9338919822222222,0.0
112.104,0.9325475840000002,0.0
112.20355555555555,0.9312031857777778,0.0
112.30311111111112,0.9298587875555555,0.0
112.40266666666666,0.9285143893333335,0.0
112.50222222222222,0.9271699911111113,0.0
112.60177777777776,0.9258255928888892,0.0
112.70133333333332,0.9244811946666669,0.0
112.80088888888888,0.9231367964444447,0.0
112.90044444444445,0.9217923982222223,0.0
113.0,0.920448,0.0
113.09955555555555,0.9191036017777778,0.0
113.19911111111112,0.9177592035555555,0.0
113.29866666666666,0.9164148053333334,0.0
113.39822222222222,0.9150704071111113,0.0
113.49777777777776,0.9137260088888892,0.0
113.59733333333332,0.9123816106666669,0.0
113.69688888888888,0.9110372124444447,0.0
113.79644444444445,0.9096928142222223,0.0
113.896,0.908348416,0.0
113.99555555555555,0.9070040177777778,0.0
114.09511111111112,0.9056596195555555,0.0
114.19466666666666,0.9043152213333334,0.0
114.29422222222222,0.9029708231111113,0.0
114.39377777777776,0.9016264248888892,0.0
114.49333333333333,0.9002820266666669,0.0
114.59288888888888,0.8989376284444447,0.0
114.69244444444443,0.8975932302222225,0.0
114.792,0.896248832,0.0
114.89155555555556,0.8949044337777778,0.0
114.99111111111112,0.8935600355555555,0.0
115.09066666666666,0.8922156373333334,0.0
115.19022222222222,0.8908712391111112,0.0
115.28977777777776,0.8895268408888892,0.0
115.38933333333333,0.8881824426666669,0.0
115.48888888888888,0.8868380444444446,0.0
115.58844444444443,0.8854936462222225,0.0
115.688,0.884149248,0.0
115.78755555555554,0.8828048497777781,0.0
115.88711111111112,0.8814604515555554,0.0
115.98666666666666,0.8801160533333334,0.0
116.08622222222222,0.8787716551111112,0.0
116.18577777777776,0.8774272568888892,0.0
116.28533333333333,0.8760828586666668,0.0
116.38488888888888,0.8747384604444446,0.0
116.48444444444443,0.8733940622222225,0.0
116.584,0.8720496640000001,0.0
116.68355555555554,0.8707052657777781,0.0
116.78311111111113,0.8693608675555554,0.0
116.88266666666668,0.8680164693333332,0.0
116.98222222222222,0.8666720711111112,0.0
117.08177777777776,0.8653276728888892,0.0
117.18133333333331,0.863983274666667,0.0
117.28088888888888,0.8626388764444446,0.0
117.38044444444444,0.8612944782222224,0.0
117.48,0.8599500800000001,0.0
117.57955555555554,0.8586056817777781,0.0
117.6791111111111,0.8572612835555558,0.0
117.77866666666668,0.8559168853333332,0.0
117.87822222222222,0.8545724871111112,0.0
117.97777777777776,0.8532280888888892,0.0
118.07733333333331,0.851883690666667,0.0
118.17688888888888,0.8505392924444446,0.0
118.27644444444444,0.8491948942222224,0.0
118.376,0.847850496,0.0
118.47555555555554,0.846506097777778,0.0
118.5751111111111,0.8451616995555558,0.0
118.67466666666668,0.8438173013333332,0.0
118.77422222222222,0.8424729031111112,0.0
118.87377777777778,0.841128504888889,0.0
118.97333333333331,0.8397841066666669,0.0
119.07288888888888,0.8384397084444446,0.0
119.17244444444444,0.8370953102222224,0.0
119.272,0.835750912,0.0
119.37155555555556,0.8344065137777779,0.0
119.4711111111111,0.8330621155555558,0.0
119.57066666666664,0.8317177173333338,0.0
119.67022222222222,0.8303733191111111,0.0
119.76977777777778,0.829028920888889,0.0
119.86933333333332,0.8276845226666669,0.0
119.96888888888888,0.8263401244444446,0.0
120.06844444444444,0.8249957262222224,0.0
120.168,0.823651328,0.0
120.26755555555556,0.8223069297777779,0.0
120.3671111111111,0.8209625315555558,0.0
120.46666666666664,0.8196181333333338,0.0
120.5662222222222,0.8182737351111116,0.0
120.66577777777778,0.816929336888889,0.0
120.76533333333332,0.8155849386666669,0.0
120.86488888888888,0.8142405404444446,0.0
120.96444444444444,0.8128961422222224,0.0
121.064,0.8115517440000002,0.0
121.16355555555556,0.8102073457777778,0.0
121.2631111111111,0.8088629475555558,0.0
121.36266666666666,0.8075185493333336,0.0
121.4622222222222,0.8061741511111116,0.0
121.56177777777778,0.804829752888889,0.0
121.66133333333332,0.8034853546666669,0.0
121.76088888888889,0.8021409564444446,0.0
121.86044444444444,0.8007965582222223,0.0
121.96,0.7994521600000002,0.0
122.05955555555556,0.7981077617777778,0.0
122.1591111111111,0.7967633635555558,0.0
122.25866666666666,0.7954189653333336,0.0
122.3582222222222,0.7940745671111116,0.0
122.45777777777776,0.7927301688888891,0.0
122.55733333333332,0.7913857706666669,0.0
122.65688888888889,0.7900413724444446,0.0
122.75644444444444,0.7886969742222223,0.0
122.856,0.7873525760000002,0.0
122.95555555555556,0.7860081777777778,0.0
123.0551111111111,0.7846637795555558,0.0
123.15466666666666,0.7833193813333336,0.0
123.2542222222222,0.7819749831111116,0.0
123.35377777777776,0.7806305848888891,0.0
123.45333333333332,0.7792861866666669,0.0
123.55288888888887,0.7779417884444447,0.0
123.65244444444444,0.7765973902222223,0.0
123.752,0.7752529920000002,0.0
123.85155555555556,0.7739085937777778,0.0
123.9511111111111,0.7725641955555558,0.0
124.05066666666666,0.7712197973333335,0.0
124.1502222222222,0.7698753991111116,0.0
124.24977777777777,0.7685310008888891,0.0
124.34933333333332,0.7671866026666669,0.0
124.44888888888887,0.7658422044444447,0.0
124.54844444444444,0.7644978062222223,0.0
124.648,0.7631534080000002,0.0
124.74755555555556,0.7618090097777777,0.0
124.8471111111111,0.7604646115555558,0.0
124.94666666666666,0.7591202133333335,0.0
125.0462222222222,0.7577758151111116,0.0
125.14577777777777,0.756431416888889,0.0
125.24533333333332,0.7550870186666669,0.0
125.34488888888887,0.7537426204444447,0.0
125.44444444444444,0.7523982222222223,0.0
125.544,0.7510538240000001,0.0
125.64355555555557,0.7497094257777777,0.0
125.7431111111111,0.7483650275555558,0.0
125.84266666666666,0.7470206293333335,0.0
125.9422222222222,0.7456762311111115,0.0
126.04177777777775,0.7443318328888893,0.0
126.14133333333332,0.742987434666667,0.0
126.24088888888888,0.7416430364444446,0.0
126.34044444444444,0.7402986382222223,0.0
126.44,0.7389542400000001,0.0
126.53955555555557,0.7376098417777777,0.0
126.6391111111111,0.7362654435555557,0.0
126.73866666666666,0.7349210453333335,0.0
126.8382222222222,0.7335766471111115,0.0
126.93777777777775,0.7322322488888893,0.0
127.03733333333332,0.730887850666667,0.0
127.13688888888888,0.7295434524444446,0.0
127.23644444444444,0.7281990542222223,0.0
127.336,0.7268546560000001,0.0
127.43555555555557,0.7255102577777777,0.0
127.5351111111111,0.7241658595555557,0.0
127.63466666666666,0.7228214613333335,0.0
127.7342222222222,0.7214770631111115,0.0
127.83377777777775,0.7201326648888893,0.0
127.93333333333332,0.718788266666667,0.0
128.03288888888886,0.7174438684444449,0.0
128.13244444444445,0.7160994702222223,0.0
128.232,0.7147550720000001,0.0
128.33155555555555,0.7134106737777779,0.0
128.4311111111111,0.7120662755555557,0.0
128.53066666666666,0.7107218773333335,0.0
128.63022222222222,0.7093774791111113,0.0
128.72977777777777,0.708033080888889,0.0
128.82933333333332,0.7066886826666668,0.0
128.92888888888888,0.7053442844444446,0.0
129.02844444444443,0.7039998862222225,0.0
129.128,0.7026554880000002,0.0
129.22755555555554,0.7013110897777781,0.0
129.3271111111111,0.6999666915555558,0.0
129.42666666666665,0.6986222933333337,0.0
129.5262222222222,0.6972778951111114,0.0
129.62577777777778,0.6959334968888888,0.0
129.72533333333334,0.6945890986666667,0.0
129.8248888888889,0.6932447004444444,0.0
129.92444444444445,0.6919003022222223,0.0
130.024,0.690555904,0.0
130.12355555555555,0.6892115057777779,0.0
130.2231111111111,0.6878671075555556,0.0
130.32266666666666,0.6865227093333335,0.0
130.42222222222222,0.6851783111111113,0.0
130.52177777777777,0.6838339128888891,0.0
130.62133333333333,0.6824895146666669,0.0
130.72088888888888,0.6811451164444446,0.0
130.82044444444443,0.6798007182222224,0.0
130.92,0.6784563200000002,0.0
131.01955555555554,0.677111921777778,0.0
131.1191111111111,0.6757675235555558,0.0
131.21866666666665,0.6744231253333337,0.0
131.3182222222222,0.6730787271111114,0.0
131.41777777777776,0.6717343288888893,0.0
131.5173333333333,0.670389930666667,0.0
131.6168888888889,0.6690455324444444,0.0
131.71644444444445,0.6677011342222222,0.0
131.816,0.666356736,0.0
131.91555555555556,0.6650123377777779,0.0
132.0151111111111,0.6636679395555556,0.0
132.11466666666666,0.6623235413333335,0.0
132.21422222222222,0.6609791431111112,0.0
132.31377777777777,0.6596347448888891,0.0
132.41333333333333,0.6582903466666667,0.0
132.51288888888888,0.6569459484444446,0.0
132.61244444444444,0.6556015502222224,0.0
132.712,0.6542571520000002,0.0
132.81155555555554,0.652912753777778,0.0
132.9111111111111,0.6515683555555558,0.0
133.01066666666665,0.6502239573333336,0.0
133.1102222222222,0.6488795591111114,0.0
133.20977777777776,0.6475351608888892,0.0
133.3093333333333,0.646190762666667,0.0
133.40888888888887,0.6448463644444449,0.0
133.50844444444445,0.6435019662222222,0.0
133.608,0.642157568,0.0
133.70755555555556,0.6408131697777778,0.0
133.8071111111111,0.6394687715555556,0.0
133.90666666666667,0.6381243733333334,0.0
134.00622222222222,0.6367799751111112,0.0
134.10577777777775,0.6354355768888894,0.0
134.20533333333333,0.6340911786666668,0.0
134.30488888888888,0.6327467804444447,0.0
134.40444444444444,0.6314023822222223,0.0
134.504,0.6300579840000002,0.0
134.60355555555554,0.6287135857777779,0.0
134.7031111111111,0.6273691875555558,0.0
134.80266666666665,0.6260247893333336,0.0
134.9022222222222,0.6246803911111114,0.0
135.00177777777776,0.6233359928888892,0.0
135.10133333333332,0.621991594666667,0.0
135.20088888888887,0.6206471964444448,0.0
135.30044444444442,0.6193027982222226,0.0
135.4,0.6179584,0.0
135.49955555555556,0.6166140017777778,0.0
135.5991111111111,0.6152696035555556,0.0
135.69866666666667,0.6139252053333334,0.0
135.79822222222222,0.6125808071111112,0.0
135.89777777777778,0.611236408888889,0.0
135.99733333333333,0.6098920106666668,0.0
136.09688888888888,0.6085476124444447,0.0
136.19644444444444,0.6072032142222223,0.0
136.296,0.6058588160000002,0.0
136.39555555555555,0.6045144177777779,0.0
136.4951111111111,0.6031700195555558,0.0
136.59466666666663,0.601825621333334,0.0
136.6942222222222,0.6004812231111114,0.0
136.79377777777776,0.5991368248888891,0.0
136.89333333333332,0.597792426666667,0.0
136.99288888888887,0.5964480284444448,0.0
137.09244444444442,0.5951036302222226,0.0
137.19199999999998,0.5937592320000004,0.0
137.29155555555556,0.5924148337777778,0.0
137.39111111111112,0.5910704355555556,0.0
137.49066666666667,0.5897260373333334,0.0
137.59022222222222,0.5883816391111112,0.0
137.68977777777778,0.587037240888889,0.0
137.78933333333333,0.5856928426666668,0.0
137.88888888888889,0.5843484444444446,0.0
137.98844444444444,0.5830040462222223,0.0
138.088,0.5816596480000001,0.0
138.18755555555555,0.5803152497777779,0.0
138.2871111111111,0.5789708515555557,0.0
138.38666666666666,0.5776264533333335,0.0
138.4862222222222,0.5762820551111113,0.0
138.58577777777776,0.5749376568888891,0.0
138.68533333333332,0.573593258666667,0.0
138.78488888888887,0.5722488604444448,0.0
138.88444444444443,0.5709044622222226,0.0
138.98399999999998,0.5695600640000004,0.0
139.0835555555555,0.5682156657777785,0.0
139.18311111111112,0.5668712675555555,0.0
139.28266666666667,0.5655268693333333,0.0
139.38222222222225,0.5641824711111108,0.0
139.48177777777778,0.562838072888889,0.0
139.58133333333333,0.5614936746666668,0.0
139.6808888888889,0.5601492764444446,0.0
139.78044444444444,0.5588048782222224,0.0
139.88,0.5574604800000001,0.0
139.97955555555555,0.5561160817777779,0.0
140.0791111111111,0.5547716835555557,0.0
140.17866666666666,0.5534272853333335,0.0
140.2782222222222,0.5520828871111113,0.0
140.37777777777777,0.5507384888888891,0.0
140.47733333333332,0.5493940906666669,0.0
140.57688888888887,0.5480496924444447,0.0
140.67644444444443,0.5467052942222225,0.0
140.77599999999998,0.5453608960000003,0.0
140.87555555555554,0.5440164977777782,0.0
140.9751111111111,0.542672099555556,0.0
141.07466666666667,0.5413277013333333,0.0
141.17422222222223,0.5399833031111111,0.0
141.27377777777778,0.5386389048888889,0.0
141.3733333333333,0.5372945066666671,0.0
141.4728888888889,0.5359501084444445,0.0
141.57244444444444,0.5346057102222224,0.0
141.672,0.5332613120000002,0.0
141.77155555555555,0.5319169137777779,0.0
141.8711111111111,0.5305725155555557,0.0
141.97066666666666,0.5292281173333335,0.0
142.0702222222222,0.5278837191111113,0.0
142.16977777777777,0.5265393208888891,0.0
142.26933333333332,0.5251949226666669,0.0
142.36888888888888,0.5238505244444447,0.0
142.46844444444443,0.5225061262222225,0.0
142.56799999999998,0.5211617280000003,0.0
142.66755555555554,0.5198173297777781,0.0
142.7671111111111,0.5184729315555558,0.0
142.86666666666665,0.5171285333333336,0.0
142.96622222222223,0.5157841351111111,0.0
143.06577777777778,0.5144397368888889,0.0
143.16533333333334,0.5130953386666667,0.0
143.2648888888889,0.5117509404444445,0.0
143.36444444444444,0.5104065422222223,0.0
143.464,0.509062144,0.0
143.56355555555555,0.5077177457777778,0.0
143.6631111111111,0.5063733475555556,0.0
143.76266666666666,0.5050289493333335,0.0
143.8622222222222,0.5036845511111117,0.0
143.96177777777777,0.5023401528888891,0.0
144.06133333333332,0.5009957546666669,0.0
144.16088888888888,0.4996513564444447,0.0
144.26044444444443,0.4983069582222225,0.0
144.36,0.49696255999999983,0.0
144.45955555555554,0.49561816177777807,0.0
144.5591111111111,0.49427376355555586,0.0
144.65866666666665,0.49292936533333365,0.0
144.7582222222222,0.49158496711111144,0.0
144.85777777777776,0.4902405688888892,0.0
144.95733333333334,0.4888961706666667,0.0
145.0568888888889,0.4875517724444445,0.0
145.15644444444445,0.48620737422222227,0.0
145.256,0.48486297600000006,0.0
145.35555555555555,0.48351857777777785,0.0
145.4551111111111,0.48217417955555564,0.0
145.55466666666666,0.48082978133333343,0.0
145.65422222222222,0.4794853831111112,0.0
145.75377777777777,0.478140984888889,0.0
145.85333333333332,0.4767965866666668,0.0
145.95288888888888,0.4754521884444447,0.0
146.05244444444443,0.4741077902222225,0.0
146.152,0.4727633920000003,0.0
146.25155555555554,0.4714189937777781,0.0
146.3511111111111,0.47007459555555586,0.0
146.45066666666665,0.46873019733333365,0.0
146.5502222222222,0.46738579911111144,0.0
146.64977777777776,0.46604140088888923,0.0
146.7493333333333,0.464697002666667,0.0
146.8488888888889,0.4633526044444445,0.0
146.94844444444445,0.4620082062222223,0.0
147.048,0.46066380800000006,0.0
147.14755555555556,0.45931940977777785,0.0
147.2471111111111,0.45797501155555564,0.0
147.34666666666666,0.45663061333333343,0.0
147.44622222222222,0.4552862151111112,0.0
147.54577777777777,0.453941816888889,0.0
147.64533333333333,0.4525974186666668,0.0
147.74488888888888,0.4512530204444446,0.0
147.84444444444443,0.4499086222222224,0.0
147.944,0.4485642240000002,0.0
148.04355555555554,0.44721982577777797,0.0
148.1431111111111,0.44587542755555587,0.0
148.24266666666665,0.44453102933333366,0.0
148.3422222222222,0.44318663111111145,0.0
148.44177777777776,0.44184223288888924,0.0
148.5413333333333,0.44049783466666703,0.0
148.64088888888887,0.4391534364444448,0.0
148.74044444444445,0.43780903822222217,0.0
148.84,0.43646464000000007,0.0
148.93955555555556,0.43512024177777786,0.0
149.0391111111111,0.43377584355555565,0.0
149.1386666666667,0.432431445333333,0.0
149.23822222222222,0.43108704711111123,0.0
149.33777777777777,0.429742648888889,0.0
149.43733333333333,0.4283982506666668,0.0
149.53688888888888,0.4270538524444446,0.0
149.63644444444444,0.4257094542222224,0.0
149.736,0.4243650560000002,0.0
149.83555555555554,0.423020657777778,0.0
149.9351111111111,0.42167625955555577,0.0
150.03466666666665,0.42067624000000003,0.0
150.1342222222222,0.42032082666666676,0.0
150.23377777777776,0.4199654133333334,0.0
150.33333333333331,0.4196100000000001,0.0
150.43288888888887,0.41925458666666676,0.0
150.53244444444442,0.41889917333333343,0.0
150.632,0.41854376,0.0
150.73155555555556,0.41818834666666665,0.0
150.8311111111111,0.4178329333333333,0.0
150.93066666666667,0.41747752,0.0
151.03022222222222,0.41712210666666666,0.0
151.12977777777778,0.4167666933333333,0.0
151.22933333333333,0.41641128,0.0
151.32888888888888,0.4160558666666667,0.0
151.42844444444444,0.4157004533333334,0.0
151.528,0.41534504000000005,0.0
151.62755555555557,0.4149896266666666,0.0
151.7271111111111,0.4146342133333334,0.0
151.82666666666665,0.41427880000000006,0.0
151.9262222222222,0.4139233866666667,0.0
152.02577777777776,0.4135679733333334,0.0
152.12533333333332,0.41321256000000006,0.0
152.22488888888887,0.41285714666666673,0.0
152.32444444444442,0.4125017333333334,0.0
152.42399999999998,0.41214632000000007,0.0
152.52355555555556,0.4117909066666667,0.0
152.62311111111111,0.41143549333333335,0.0
152.72266666666667,0.41108008,0.0
152.82222222222222,0.4107246666666667,0.0
152.92177777777778,0.41036925333333335,0.0
153.02133333333333,0.41001384,0.0
153.12088888888889,0.4096584266666667,0.0
153.22044444444444,0.40930301333333335,0.0
153.32,0.4089476,0.0
153.41955555555555,0.4085921866666667,0.0
153.5191111111111,0.40823677333333336,0.0
153.61866666666666,0.40788136,0.0
153.7182222222222,0.4075259466666667,0.0
153.81777777777776,0.4071705333333334,0.0
153.91733333333332,0.4068151200000001,0.0
154.01688888888887,0.40645970666666675,0.0
154.11644444444445,0.4061042933333333,0.0
154.21599999999998,0.4057488800000001,0.0
154.31555555555553,0.40539346666666676,0.0
154.41511111111112,0.4050380533333333,0.0
154.51466666666667,0.40468264,0.0
154.61422222222222,0.40432722666666665,0.0
154.71377777777778,0.4039718133333333,0.0
154.81333333333333,0.4036164,0.0
154.9128888888889,0.40326098666666665,0.0
155.01244444444444,0.4029055733333334,0.0
155.112,0.40255016000000005,0.0
155.21155555555555,0.4021947466666667,0.0
155.3111111111111,0.4018393333333334,0.0
155.41066666666666,0.40148392000000005,0.0
155.5102222222222,0.4011285066666667,0.0
155.60977777777777,0.4007730933333334,0.0
155.70933333333332,0.40041768000000005,0.0
155.80888888888887,0.4000622666666667,0.0
155.90844444444443,0.3997068533333334,0.0
156.00799999999998,0.39935144000000006,0.0
156.10755555555554,0.3989960266666667,0.0
156.2071111111111,0.3986406133333334,0.0
156.30666666666667,0.3982852,0.0
156.40622222222223,0.3979297866666667,0.0
156.50577777777778,0.39757437333333334,0.0
156.60533333333333,0.39721896,0.0
156.7048888888889,0.3968635466666667,0.0
156.80444444444444,0.39650813333333335,0.0
156.904,0.39615272,0.0
157.00355555555555,0.3957973066666667,0.0
157.1031111111111,0.39544189333333335,0.0
157.20266666666666,0.39508648,0.0
157.3022222222222,0.3947310666666667,0.0
157.40177777777777,0.39437565333333335,0.0
157.50133333333332,0.39402024,0.0
157.60088888888887,0.39366482666666675,0.0
157.70044444444443,0.3933094133333334,0.0
157.79999999999998,0.3929540000000001,0.0
157.89955555555554,0.39259858666666675,0.0
157.9991111111111,0.3922431733333334,0.0
158.09866666666665,0.3918877600000001,0.0
158.1982222222222,0.39153234666666675,0.0
158.29777777777778,0.3911769333333333,0.0
158.39733333333334,0.39082152,0.0
158.4968888888889,0.39046610666666665,0.0
158.59644444444444,0.39011069333333337,0.0
158.696,0.38975528000000004,0.0
158.79555555555555,0.3893998666666667,0.0
158.8951111111111,0.3890444533333334,0.0
158.99466666666666,0.38868904000000004,0.0
159.0942222222222,0.3883336266666668,0.0
159.19377777777777,0.3879782133333334,0.0
159.29333333333332,0.38762280000000005,0.0
159.39288888888888,0.3872673866666667,0.0
159.49244444444443,0.3869119733333334,0.0
159.59199999999998,0.38655656000000005,0.0
159.69155555555554,0.3862011466666667,0.0
159.7911111111111,0.3858457333333334,0.0
159.89066666666665,0.38549032000000005,0.0
159.9902222222222,0.3851349066666667,0.0
160.08977777777775,0.3847794933333334,0.0
160.18933333333334,0.38442408,0.0
160.2888888888889,0.38406866666666667,0.0
160.38844444444445,0.38371325333333334,0.0
160.488,0.38335784,0.0
160.58755555555555,0.3830024266666667,0.0
160.6871111111111,0.38264701333333334,0.0
160.78666666666666,0.3822916,0.0
160.88622222222222,0.3819361866666667,0.0
160.98577777777777,0.38158077333333335,0.0
161.08533333333332,0.38122536000000007,0.0
161.18488888888888,0.38086994666666674,0.0
161.28444444444443,0.3805145333333334,0.0
161.384,0.3801591200000001,0.0
161.48355555555554,0.37980370666666674,0.0
161.5831111111111,0.3794482933333334,0.0
161.68266666666665,0.3790928800000001,0.0
161.7822222222222,0.37873746666666674,0.0
161.88177777777776,0.3783820533333334,0.0
161.9813333333333,0.3780266400000001,0.0
162.0808888888889,0.37767122666666664,0.0
162.18044444444445,0.3773158133333333,0.0
162.28,0.3769604,0.0
162.37955555555556,0.37660498666666664,0.0
162.4791111111111,0.37624957333333336,0.0
162.57866666666666,0.37589416000000003,0.0
162.67822222222222,0.3755387466666667,0.0
162.77777777777777,0.37518333333333337,0.0
162.87733333333333,0.37482792000000004,0.0
162.97688888888888,0.3744725066666667,0.0
163.07644444444443,0.3741170933333334,0.0
163.176,0.37376168000000004,0.0
163.27555555555554,0.3734062666666667,0.0
163.3751111111111,0.3730508533333334,0.0
163.47466666666665,0.37269544000000004,0.0
163.5742222222222,0.3723400266666667,0.0
163.67377777777776,0.37198461333333344,0.0
163.7733333333333,0.3716292000000001,0.0
163.87288888888887,0.37127378666666677,0.0
163.97244444444445,0.37091837333333333,0.0
164.072,0.37056296,0.0
164.17155555555556,0.37020754666666666,0.0
164.2711111111111,0.36985213333333333,0.0
164.37066666666666,0.36949672,0.0
164.47022222222222,0.36914130666666667,0.0
164.56977777777777,0.36878589333333334,0.0
164.66933333333333,0.36843048,0.0
164.76888888888888,0.3680750666666667,0.0
164.86844444444444,0.36771965333333334,0.0
164.968,0.36736424000000006,0.0
165.06755555555554,0.36700882666666673,0.0
165.1671111111111,0.3666534133333334,0.0
165.26666666666665,0.36629800000000007,0.0
165.3662222222222,0.36594258666666674,0.0
165.46577777777776,0.3655871733333334,0.0
165.5653333333333,0.36523176000000007,0.0
165.66488888888887,0.36487634666666674,0.0
165.76444444444442,0.3645209333333334,0.0
165.864,0.36416551999999996,0.0
165.96355555555556,0.3638101066666667,0.0
166.0631111111111,0.36345469333333336,0.0
166.16266666666667,0.36309928,0.0
166.26222222222222,0.3627438666666667,0.0
166.36177777777775,0.36238845333333347,0.0
166.46133333333333,0.36203304000000003,0.0
166.56088888888888,0.3616776266666667,0.0
166.66044444444444,0.36132221333333336,0.0
166.76,0.36096680000000003,0.0
166.85955555555554,0.3606113866666667,0.0
166.9591111111111,0.36025597333333337,0.0
167.05866666666665,0.35990056000000004,0.0
167.1582222222222,0.3595451466666667,0.0
167.25777777777776,0.35918973333333337,0.0
167.35733333333332,0.35883432000000004,0.0
167.45688888888887,0.35847890666666676,0.0
167.55644444444442,0.35812349333333343,0.0
167.65599999999998,0.3577680800000001,0.0
167.75555555555556,0.35741266666666666,0.0
167.8551111111111,0.3570572533333333,0.0
167.95466666666667,0.35670184,0.0
168.05422222222222,0.35634642666666666,0.0
168.15377777777778,0.35599101333333333,0.0
168.25333333333333,0.3556356,0.0
168.35288888888888,0.3552801866666667,0.0
168.45244444444444,0.3549247733333334,0.0
168.552,0.35456936000000006,0.0
168.65155555555555,0.3542139466666667,0.0
168.7511111111111,0.3538585333333334,0.0
168.85066666666663,0.35350312000000017,0.0
168.9502222222222,0.3531477066666667,0.0
169.04977777777776,0.3527922933333334,0.0
169.14933333333332,0.35243688000000006,0.0
169.24888888888887,0.35208146666666673,0.0
169.34844444444445,0.3517260533333333,0.0
169.44799999999998,0.35137064000000007,0.0
169.54755555555553,0.35101522666666674,0.0
169.64711111111112,0.3506598133333333,0.0
169.74666666666667,0.35030439999999996,0.0
169.84622222222222,0.3499489866666667,0.0
169.94577777777778,0.34959357333333335,0.0
170.04533333333333,0.34923816,0.0
170.1448888888889,0.3488827466666667,0.0
170.24444444444444,0.34852733333333336,0.0
170.344,0.34817192,0.0
170.44355555555555,0.3478165066666667,0.0
170.5431111111111,0.34746109333333336,0.0
170.64266666666666,0.34710568,0.0
170.7422222222222,0.3467502666666667,0.0
170.84177777777776,0.34639485333333336,0.0
170.94133333333332,0.3460394400000001,0.0
171.04088888888887,0.34568402666666675,0.0
171.14044444444443,0.3453286133333334,0.0
171.23999999999998,0.3449732000000001,0.0
171.3395555555555,0.34461778666666687,0.0
171.4391111111111,0.3442623733333334,0.0
171.53866666666664,0.3439069600000001,0.0
171.63822222222225,0.34355154666666654,0.0
171.73777777777778,0.3431961333333333,0.0
171.83733333333333,0.34284072,0.0
171.9368888888889,0.34248530666666666,0.0
172.03644444444444,0.3421298933333333,0.0
172.136,0.34177448,0.0
172.23555555555555,0.34141906666666666,0.0
172.3351111111111,0.3410636533333333,0.0
172.43466666666666,0.34070824000000005,0.0
172.5342222222222,0.3403528266666667,0.0
172.63377777777777,0.3399974133333334,0.0
172.73333333333332,0.33964200000000005,0.0
172.83288888888887,0.3392865866666667,0.0
172.93244444444443,0.3389311733333334,0.0
173.03199999999998,0.33857576000000006,0.0
173.13155555555554,0.3382203466666667,0.0
173.2311111111111,0.3378649333333334,0.0
173.33066666666664,0.33750952000000006,0.0
173.4302222222222,0.3371541066666668,0.0
173.52977777777778,0.33679869333333334,0.0
173.62933333333334,0.33644328,0.0
173.7288888888889,0.3360878666666667,0.0
173.82844444444444,0.33573245333333335,0.0
173.928,0.33537704,0.0
174.02755555555555,0.3350216266666667,0.0
174.1271111111111,0.33466621333333335,0.0
174.22666666666666,0.3343108,0.0
174.3262222222222,0.3339553866666667,0.0
174.42577777777777,0.33359997333333336,0.0
174.52533333333332,0.33324456,0.0
174.62488888888888,0.3328891466666667,0.0
174.72444444444443,0.33253373333333336,0.0
174.82399999999998,0.33217832,0.0
174.92355555555554,0.33182290666666675,0.0
175.0231111111111,0.3314674933333334,0.0
175.12266666666665,0.3311120800000001,0.0
175.2222222222222,0.33075666666666675,0.0
175.32177777777775,0.3304012533333334,0.0
175.42133333333334,0.33004584,0.0
175.5208888888889,0.32969042666666665,0.0
175.62044444444444,0.3293350133333333,0.0
175.72,0.32897960000000004,0.0
175.81955555555555,0.3286241866666667,0.0
175.9191111111111,0.3282687733333334,0.0
176.01866666666666,0.32791336000000004,0.0
176.11822222222222,0.3275579466666667,0.0
176.21777777777777,0.3272025333333334,0.0
176.31733333333332,0.32684712000000005,0.0
176.41688888888888,0.3264917066666667,0.0
176.51644444444443,0.3261362933333334,0.0
176.616,0.32578087999999994,0.0
176.71555555555554,0.3254254666666667,0.0
176.8151111111111,0.3250700533333334,0.0
176.91466666666665,0.32471464000000005,0.0
177.0142222222222,0.3243592266666667,0.0
177.11377777777776,0.3240038133333334,0.0
177.2133333333333,0.32364840000000006,0.0
177.3128888888889,0.32329298666666667,0.0
177.41244444444445,0.32293757333333334,0.0
177.512,0.32258216,0.0
177.61155555555555,0.3222267466666667,0.0
177.7111111111111,0.32187133333333334,0.0
177.81066666666666,0.32151592,0.0
177.91022222222222,0.3211605066666667,0.0
178.00977777777777,0.32080509333333335,0.0
178.10933333333332,0.32044968,0.0
178.20888888888888,0.3200942666666667,0.0
178.30844444444443,0.3197388533333334,0.0
178.408,0.3193834400000001,0.0
178.50755555555554,0.31902802666666674,0.0
178.6071111111111,0.3186726133333334,0.0
178.70666666666665,0.3183172000000001,0.0
178.8062222222222,0.31796178666666675,0.0
178.90577777777776,0.3176063733333334,0.0
179.0053333333333,0.3172509600000001,0.0
179.1048888888889,0.31689554666666664,0.0
179.20444444444445,0.3165401333333333,0.0
179.304,0.31618472,0.0
179.40355555555556,0.31582930666666664,0.0
179.5031111111111,0.3154738933333333,0.0
179.60266666666666,0.31511848,0.0
179.70222222222222,0.31476306666666665,0.0
179.80177777777777,0.31440765333333337,0.0
179.90133333333333,0.31405224000000004,0.0
180.00088888888888,0.3136968266666667,0.0
180.10044444444443,0.3133414133333334,0.0
180.2,0.31298600000000004,0.0
180.29955555555557,0.3126305866666666,0.0
180.3991111111111,0.3122751733333334,0.0
180.49866666666665,0.31191976000000005,0.0
180.5982222222222,0.3115643466666667,0.0
180.69777777777776,0.3112089333333334,0.0
180.7973333333333,0.3108535200000001,0.0
180.89688888888887,0.3104981066666668,0.0
180.9964444444444,0.3101426933333335,0.0
181.096,0.30978728,0.0
181.1955555555556,0.30943186666666656,0.0
181.2951111111111,0.30907645333333333,0.0
181.39466666666667,0.30872104,0.0
181.49422222222225,0.30836562666666656,0.0
181.59377777777777,0.30801021333333334,0.0
181.69333333333333,0.3076548,0.0
181.79288888888888,0.3072993866666667,0.0
181.89244444444444,0.30694397333333334,0.0
181.992,0.30658856,0.0
182.09155555555557,0.3062331466666666,0.0
182.1911111111111,0.30587773333333335,0.0
182.29066666666665,0.30552232000000007,0.0
182.3902222222222,0.30516690666666674,0.0
182.48977777777776,0.3048114933333334,0.0
182.5893333333333,0.3044560800000002,0.0
182.68888888888887,0.30410066666666674,0.0
182.7884444444444,0.3037452533333335,0.0
182.888,0.30338983999999997,0.0
182.9875555555556,0.3030344266666666,0.0
183.0871111111111,0.30267901333333336,0.0
183.18666666666667,0.3023236,0.0
183.28622222222225,0.3019681866666666,0.0
183.38577777777775,0.3016127733333335,0.0
183.48533333333333,0.30125736000000003,0.0
183.58488888888888,0.3009019466666667,0.0
183.68444444444444,0.30054653333333337,0.0
183.784,0.30019112000000003,0.0
183.88355555555555,0.2998357066666667,0.0
183.9831111111111,0.29948029333333337,0.0
184.08266666666665,0.29912488000000004,0.0
184.1822222222222,0.2987694666666667,0.0
184.28177777777776,0.2984140533333334,0.0
184.3813333333333,0.29805864000000015,0.0
184.48088888888887,0.2977032266666667,0.0
184.5804444444444,0.2973478133333335,0.0
184.68,0.2969924,0.0
184.77955555555556,0.29663698666666666,0.0
184.8791111111111,0.29628157333333344,0.0
184.97866666666667,0.29592616,0.0
185.07822222222225,0.29557074666666655,0.0
185.17777777777775,0.29521533333333344,0.0
185.27733333333333,0.29485992,0.0
185.37688888888889,0.29450450666666667,0.0
185.47644444444444,0.2941490933333334,0.0
185.576,0.29379368000000006,0.0
185.67555555555555,0.2934382666666667,0.0
185.7751111111111,0.2930828533333334,0.0
185.87466666666663,0.29272744000000017,0.0
185.9742222222222,0.29237202666666673,0.0
186.07377777777776,0.2920166133333334,0.0
186.1733333333333,0.2916612000000002,0.0
186.27288888888887,0.29130578666666673,0.0
186.37244444444443,0.2909503733333334,0.0
186.472,0.29059495999999996,0.0
186.57155555555556,0.2902395466666666,0.0
186.6711111111111,0.2898841333333334,0.0
186.77066666666664,0.2895287200000001,0.0
186.87022222222225,0.2891733066666665,0.0
186.96977777777775,0.2888178933333334,0.0
187.06933333333333,0.28846247999999997,0.0
187.1688888888889,0.28810706666666663,0.0
187.26844444444444,0.28775165333333336,0.0
187.368,0.28739624,0.0
187.46755555555555,0.2870408266666667,0.0
187.5671111111111,0.28668541333333336,0.0
187.66666666666663,0.28633000000000014,0.0
187.7662222222222,0.2859745866666667,0.0
187.86577777777777,0.28561917333333336,0.0
187.9653333333333,0.28526376000000014,0.0
188.06488888888887,0.28490834666666676,0.0
188.16444444444443,0.2845529333333334,0.0
188.264,0.28419752,0.0
188.36355555555556,0.28384210666666665,0.0
188.4631111111111,0.28348669333333343,0.0
188.56266666666664,0.2831312800000001,0.0
188.6622222222222,0.28277586666666676,0.0
188.76177777777775,0.28242045333333343,0.0
188.8613333333333,0.2820650400000001,0.0
188.9608888888889,0.28170962666666666,0.0
189.06044444444444,0.2813542133333333,0.0
189.16,0.2809988,0.0
189.25955555555555,0.28064338666666666,0.0
189.3591111111111,0.28028797333333333,0.0
189.45866666666663,0.2799325600000001,0.0
189.5582222222222,0.27957714666666666,0.0
189.65777777777777,0.27922173333333333,0.0
189.7573333333333,0.2788663200000001,0.0
189.85688888888888,0.2785109066666667,0.0
189.95644444444443,0.2781554933333334,0.0
190.056,0.27780007999999995,0.0
190.15555555555557,0.2774446666666666,0.0
190.2551111111111,0.2770892533333334,0.0
190.35466666666665,0.27673384000000006,0.0
190.4542222222222,0.27637842666666673,0.0
190.55377777777773,0.2760230133333335,0.0
190.6533333333333,0.2756676000000001,0.0
190.7528888888889,0.2753121866666667,0.0
190.85244444444444,0.27495677333333335,0.0
190.952,0.27460136,0.0
191.05155555555555,0.2742459466666667,0.0
191.1511111111111,0.27389053333333335,0.0
191.25066666666663,0.27353512000000013,0.0
191.3502222222222,0.2731797066666668,0.0
191.44977777777777,0.27282429333333336,0.0
191.5493333333333,0.27246888000000014,0.0
191.64888888888888,0.2721134666666667,0.0
191.74844444444443,0.27175805333333336,0.0
191.848,0.2714026399999999,0.0
191.94755555555557,0.2710472266666666,0.0
192.0471111111111,0.27069181333333336,0.0
192.14666666666665,0.27033640000000003,0.0
192.2462222222222,0.2699809866666667,0.0
192.34577777777776,0.2696255733333334,0.0
192.4453333333333,0.2692701600000001,0.0
192.5448888888889,0.26891474666666665,0.0
192.64444444444445,0.2685593333333333,0.0
192.744,0.26820392,0.0
192.84355555555555,0.2678485066666667,0.0
192.9431111111111,0.2674930933333334,0.0
193.04266666666663,0.26713768000000016,0.0
193.14222222222224,0.2667822666666666,0.0
193.24177777777777,0.2664268533333334,0.0
193.34133333333327,0.26607144000000027,0.0
193.44088888888888,0.2657160266666667,0.0
193.54044444444443,0.2653606133333334,0.0
193.64,0.26500520000000005,0.0
193.73955555555557,0.2646497866666666,0.0
193.8391111111111,0.2642943733333334,0.0
193.93866666666665,0.26393896000000006,0.0
194.0382222222222,0.2635835466666667,0.0
194.13777777777776,0.2632281333333334,0.0
194.2373333333333,0.26287272000000006,0.0
194.3368888888889,0.2625173066666666,0.0
194.43644444444445,0.2621618933333333,0.0
194.536,0.26180647999999995,0.0
194.6355555555556,0.26145106666666645,0.0
194.7351111111111,0.26109565333333334,0.0
194.83466666666664,0.26074024000000007,0.0
194.93422222222225,0.26038482666666657,0.0
195.03377777777777,0.26002941333333335,0.0
195.13333333333333,0.259674,0.0
195.23288888888888,0.2593185866666667,0.0
195.33244444444443,0.2589631733333334,0.0
195.432,0.2586077600000001,0.0
195.53155555555557,0.25825234666666663,0.0
195.6311111111111,0.2578969333333334,0.0
195.73066666666665,0.2575415200000001,0.0
195.8302222222222,0.25718610666666675,0.0
195.92977777777776,0.2568306933333334,0.0
196.0293333333333,0.2564752800000001,0.0
196.12888888888887,0.25611986666666675,0.0
196.2284444444444,0.25576445333333353,0.0
196.328,0.25540904,0.0
196.4275555555556,0.2550536266666664,0.0
196.5271111111111,0.2546982133333333,0.0
196.6266666666667,0.25434279999999987,0.0
196.72622222222225,0.25398738666666654,0.0
196.82577777777777,0.2536319733333333,0.0
196.92533333333333,0.25327656,0.0
197.02488888888888,0.25292114666666665,0.0
197.12444444444444,0.2525657333333333,0.0
197.224,0.25221032000000004,0.0
197.32355555555557,0.2518549066666666,0.0
197.4231111111111,0.2514994933333334,0.0
197.52266666666665,0.25114408000000005,0.0
197.6222222222222,0.2507886666666667,0.0
197.72177777777776,0.2504332533333334,0.0
197.8213333333333,0.25007784000000005,0.0
197.92088888888887,0.24972242666666675,0.0
198.0204444444444,0.2493670133333335,0.0
198.12,0.24901159999999997,0.0
198.21955555555556,0.24865618666666664,0.0
198.3191111111111,0.24830077333333334,0.0
198.41866666666667,0.24794536,0.0
198.51822222222225,0.24758994666666656,0.0
198.61777777777775,0.24723453333333345,0.0
198.71733333333333,0.24687912,0.0
198.81688888888888,0.24652370666666668,0.0
198.91644444444444,0.24616829333333334,0.0
199.016,0.24581288000000004,0.0
199.11555555555557,0.2454574666666666,0.0
199.2151111111111,0.24510205333333338,0.0
199.31466666666665,0.24474664000000004,0.0
199.4142222222222,0.2443912266666667,0.0
199.51377777777776,0.24403581333333338,0.0
199.6133333333333,0.24368040000000016,0.0
199.71288888888887,0.24332498666666674,0.0
199.8124444444444,0.2429695733333335,0.0
199.912,0.24261415999999997,0.0
200.01155555555556,0.24228793599999998,0.0
200.1111111111111,0.242184,0.0
200.21066666666667,0.24208006399999998,0.0
200.31022222222225,0.24197612799999996,0.0
200.40977777777775,0.241872192,0.0
200.50933333333333,0.241768256,0.0
200.60888888888888,0.24166432,0.0
200.70844444444444,0.241560384,0.0
200.808,0.241456448,0.0
200.90755555555555,0.241352512,0.0
201.0071111111111,0.241248576,0.0
201.10666666666663,0.24114464000000002,0.0
201.2062222222222,0.241040704,0.0
201.30577777777776,0.240936768,0.0
201.4053333333333,0.24083283200000002,0.0
201.50488888888887,0.240728896,0.0
201.60444444444445,0.24062495999999997,0.0
201.704,0.24052102399999997,0.0
201.80355555555556,0.24041708799999997,0.0
201.9031111111111,0.240313152,0.0
202.00266666666664,0.240209216,0.0
202.10222222222225,0.24010527999999995,0.0
202.20177777777775,0.240001344,0.0
202.30133333333333,0.23989740799999998,0.0
202.4008888888889,0.23979347199999998,0.0
202.50044444444444,0.23968953599999998,0.0
202.6,0.23958559999999998,0.0
202.69955555555555,0.23948166399999998,0.0
202.7991111111111,0.23937772799999998,0.0
202.89866666666663,0.23927379200000004,0.0
202.9982222222222,0.239169856,0.0
203.09777777777776,0.23906592,0.0
203.1973333333333,0.23896198400000004,0.0
203.29688888888887,0.23885804800000002,0.0
203.39644444444443,0.23875411200000002,0.0
203.496,0.238650176,0.0
203.59555555555556,0.23854624,0.0
203.6951111111111,0.23844230400000002,0.0
203.79466666666664,0.23833836800000002,0.0
203.8942222222222,0.23823443200000002,0.0
203.99377777777775,0.23813049600000002,0.0
204.09333333333333,0.23802656,0.0
204.1928888888889,0.237922624,0.0
204.29244444444444,0.237818688,0.0
204.392,0.237714752,0.0
204.49155555555555,0.237610816,0.0
204.5911111111111,0.23750688,0.0
204.69066666666663,0.23740294400000003,0.0
204.7902222222222,0.237299008,0.0
204.88977777777777,0.237195072,0.0
204.9893333333333,0.23709113600000004,0.0
205.08888888888887,0.2369872,0.0
205.18844444444443,0.236883264,0.0
205.288,0.23677932799999998,0.0
205.38755555555556,0.23667539199999998,0.0
205.4871111111111,0.236571456,0.0
205.58666666666664,0.23646752000000001,0.0
205.6862222222222,0.23636358400000002,0.0
205.78577777777772,0.23625964800000004,0.0
205.8853333333333,0.23615571200000002,0.0
205.9848888888889,0.236051776,0.0
206.08444444444444,0.23594784,0.0
206.184,0.235843904,0.0
206.28355555555555,0.235739968,0.0
206.3831111111111,0.235636032,0.0
206.48266666666663,0.23553209600000002,0.0
206.5822222222222,0.23542816,0.0
206.68177777777777,0.235324224,0.0
206.7813333333333,0.23522028800000003,0.0
206.88088888888888,0.235116352,0.0
206.98044444444443,0.235012416,0.0
207.08,0.23490847999999998,0.0
207.17955555555557,0.23480454399999998,0.0
207.2791111111111,0.234700608,0.0
207.37866666666665,0.234596672,0.0
207.4782222222222,0.234492736,0.0
207.57777777777773,0.23438880000000004,0.0
207.6773333333333,0.234284864,0.0
207.7768888888889,0.23418092799999998,0.0
207.87644444444445,0.23407699199999998,0.0
207.976,0.23397305599999998,0.0
208.07555555555555,0.23386911999999999,0.0
208.1751111111111,0.233765184,0.0
208.27466666666663,0.23366124800000002,0.0
208.37422222222224,0.23355731199999996,0.0
208.47377777777777,0.233453376,0.0
208.57333333333327,0.23334944000000005,0.0
208.67288888888888,0.233245504,0.0
208.77244444444443,0.233141568,0.0
208.872,0.23303763199999997,0.0
208.97155555555557,0.23293369599999997,0.0
209.0711111111111,0.23282976,0.0
209.17066666666665,0.232725824,0.0
209.2702222222222,0.232621888,0.0
209.36977777777776,0.232517952,0.0
209.4693333333333,0.232414016,0.0
209.5688888888889,0.23231007999999997,0.0
209.66844444444445,0.23220614399999998,0.0
209.768,0.23210220799999998,0.0
209.86755555555555,0.23199827199999998,0.0
209.9671111111111,0.23189433599999998,0.0
210.06666666666663,0.2317904,0.0
210.16622222222225,0.23168646399999995,0.0
210.26577777777777,0.23158252799999998,0.0
210.36533333333333,0.23147859199999998,0.0
210.46488888888888,0.231374656,0.0
210.56444444444443,0.23127071999999999,0.0
210.664,0.23116678400000001,0.0
210.76355555555557,0.231062848,0.0
210.8631111111111,0.23095891200000002,0.0
210.96266666666665,0.23085497600000002,0.0
211.0622222222222,0.23075104000000002,0.0
211.16177777777776,0.23064710400000002,0.0
211.2613333333333,0.23054316800000002,0.0
211.3608888888889,0.230439232,0.0
211.4604444444444,0.23033529600000005,0.0
211.56,0.23023136,0.0
211.6595555555556,0.2301274239999999,0.0
211.7591111111111,0.230023488,0.0
211.85866666666664,0.22991955200000003,0.0
211.95822222222225,0.22981561599999997,0.0
212.05777777777777,0.22971168,0.0
212.15733333333333,0.229607744,0.0
212.25688888888888,0.229503808,0.0
212.35644444444443,0.229399872,0.0
212.456,0.229295936,0.0
212.55555555555557,0.22919199999999998,0.0
212.6551111111111,0.229088064,0.0
212.75466666666665,0.228984128,0.0
212.8542222222222,0.228880192,0.0
212.95377777777776,0.228776256,0.0
213.0533333333333,0.22867232,0.0
213.15288888888887,0.228568384,0.0
213.2524444444444,0.22846444800000004,0.0
213.352,0.228360512,0.0
213.45155555555556,0.228256576,0.0
213.5511111111111,0.22815264,0.0
213.65066666666667,0.228048704,0.0
213.75022222222225,0.22794476799999996,0.0
213.84977777777777,0.227840832,0.0
213.94933333333333,0.227736896,0.0
214.04888888888888,0.22763296,0.0
214.14844444444444,0.227529024,0.0
214.248,0.227425088,0.0
214.34755555555557,0.22732115199999997,0.0
214.4471111111111,0.227217216,0.0
214.54666666666665,0.22711328,0.0
214.6462222222222,0.227009344,0.0
214.74577777777776,0.226905408,0.0
214.8453333333333,0.22680147200000003,0.0
214.94488888888887,0.226697536,0.0
215.0444444444444,0.22659360000000003,0.0
215.144,0.22648966399999998,0.0
215.24355555555556,0.22638572799999998,0.0
215.34311111111109,0.226281792,0.0
215.44266666666667,0.22617785599999998,0.0
215.54222222222225,0.22607391999999996,0.0
215.64177777777775,0.225969984,0.0
215.74133333333333,0.22586604799999999,0.0
215.84088888888888,0.225762112,0.0
215.94044444444444,0.225658176,0.0
216.04,0.22555424,0.0
216.13955555555555,0.225450304,0.0
216.2391111111111,0.225346368,0.0
216.33866666666663,0.22524243200000002,0.0
216.4382222222222,0.225138496,0.0
216.53777777777776,0.22503456,0.0
216.6373333333333,0.22493062400000002,0.0
216.73688888888887,0.224826688,0.0
216.8364444444444,0.22472275200000003,0.0
216.936,0.22461881599999997,0.0
217.03555555555556,0.22451487999999997,0.0
217.1351111111111,0.224410944,0.0
217.23466666666664,0.22430700800000003,0.0
217.33422222222225,0.22420307199999995,0.0
217.43377777777775,0.22409913600000003,0.0
217.53333333333333,0.22399519999999998,0.0
217.63288888888889,0.22389126399999998,0.0
217.73244444444444,0.223787328,0.0
217.832,0.22368339199999998,0.0
217.93155555555555,0.223579456,0.0
218.0311111111111,0.22347551999999998,0.0
218.13066666666663,0.22337158400000004,0.0
218.2302222222222,0.22326764799999999,0.0
218.32977777777776,0.22316371200000001,0.0
218.4293333333333,0.22305977600000004,0.0
218.52888888888887,0.22295584000000002,0.0
218.62844444444443,0.22285190400000002,0.0
218.728,0.22274796799999996,0.0
218.82755555555556,0.222644032,0.0
218.9271111111111,0.22254009600000002,0.0
219.02666666666664,0.22243616000000002,0.0
219.1262222222222,0.22233222400000002,0.0
219.22577777777775,0.22222828800000002,0.0
219.32533333333333,0.222124352,0.0
219.4248888888889,0.222020416,0.0
219.52444444444444,0.22191648,0.0
219.624,0.221812544,0.0
219.72355555555555,0.221708608,0.0
219.8231111111111,0.221604672,0.0
219.92266666666663,0.22150073600000003,0.0
220.0222222222222,0.2213968,0.0
220.12177777777777,0.221292864,0.0
220.2213333333333,0.22118892800000003,0.0
220.32088888888887,0.221084992,0.0
220.42044444444443,0.220981056,0.0
220.52,0.22087711999999998,0.0
220.61955555555556,0.22077318399999998,0.0
220.7191111111111,0.220669248,0.0
220.81866666666664,0.220565312,0.0
220.9182222222222,0.22046137600000001,0.0
221.01777777777772,0.22035744000000004,0.0
221.1173333333333,0.22025350400000002,0.0
221.2168888888889,0.220149568,0.0
221.31644444444444,0.220045632,0.0
221.416,0.219941696,0.0
221.51555555555555,0.21983776,0.0
221.6151111111111,0.219733824,0.0
221.71466666666663,0.21962988800000002,0.0
221.8142222222222,0.219525952,0.0
221.91377777777777,0.219422016,0.0
222.0133333333333,0.21931808000000003,0.0
222.11288888888888,0.219214144,0.0
222.21244444444443,0.219110208,0.0
222.312,0.21900627199999997,0.0
222.41155555555557,0.21890233599999998,0.0
222.5111111111111,0.2187984,0.0
222.61066666666665,0.218694464,0.0
222.7102222222222,0.218590528,0.0
222.80977777777773,0.21848659200000003,0.0
222.9093333333333,0.218382656,0.0
223.0088888888889,0.21827871999999998,0.0
223.10844444444444,0.21817478399999998,0.0
223.208,0.21807084799999998,0.0
223.30755555555555,0.21796691199999998,0.0
223.4071111111111,0.21786297599999999,0.0
223.50666666666663,0.21775904000000001,0.0
223.6062222222222,0.21765510400000002,0.0
223.70577777777777,0.217551168,0.0
223.80533333333327,0.21744723200000005,0.0
223.90488888888888,0.217343296,0.0
224.00444444444443,0.21723936,0.0
224.104,0.21713542399999997,0.0
224.20355555555557,0.21703148799999997,0.0
224.3031111111111,0.216927552,0.0
224.40266666666665,0.216823616,0.0
224.5022222222222,0.21671968,0.0
224.60177777777776,0.216615744,0.0
224.7013333333333,0.21651180800000003,0.0
224.8008888888889,0.21640787199999997,0.0
224.90044444444445,0.21630393599999997,0.0
225.0,0.21619999999999998,0.0
