Energy_MeV,Element,Mu_over_rho,Mu_en_over_rho
0.001,06,0.01575,0.01198
0.002,06,0.01575,0.01198
0.003,06,0.01575,0.01198
0.004,06,0.01575,0.01198
0.005,06,0.01575,0.01198
0.006,06,0.01575,0.01198
0.007,06,0.01575,0.01198
0.008,06,0.01575,0.01198
0.009000000000000001,06,0.01575,0.01198
0.010000000000000002,06,0.01575,0.01198
0.011,06,0.01575,0.01198
0.012,06,0.01575,0.01198
0.013000000000000001,06,0.01575,0.01198
0.014000000000000002,06,0.01575,0.01198
0.015,06,0.01575,0.01198
0.016,06,0.01575,0.01198
0.017,06,0.01575,0.01198
0.018000000000000002,06,0.01575,0.01198
0.019000000000000003,06,0.01575,0.01198
0.02,06,0.01575,0.01198
0.021,06,0.01575,0.01198
0.022000000000000002,06,0.01575,0.01198
0.023,06,0.01575,0.01198
0.024,06,0.01575,0.01198
0.025,06,0.01575,0.01198
0.026000000000000002,06,0.01575,0.01198
0.027000000000000003,06,0.01575,0.01198
0.028,06,0.01575,0.01198
0.029,06,0.01575,0.01198
0.030000000000000002,06,0.01575,0.01198
0.031,06,0.01575,0.01198
0.032,06,0.01575,0.01198
0.033,06,0.01575,0.01198
0.034,06,0.01575,0.01198
0.035,06,0.01575,0.01198
0.036000000000000004,06,0.01575,0.01198
0.037000000000000005,06,0.01575,0.01198
0.038,06,0.01575,0.01198
0.039,06,0.01575,0.01198
0.04,06,0.01575,0.01198
0.041,06,0.01575,0.01198
0.042,06,0.01575,0.01198
0.043000000000000003,06,0.01575,0.01198
0.044000000000000004,06,0.01575,0.01198
0.045,06,0.01575,0.01198
0.046,06,0.01575,0.01198
0.047,06,0.01575,0.01198
0.048,06,0.01575,0.01198
0.049,06,0.01575,0.01198
0.05,06,0.01575,0.01198
0.051000000000000004,06,0.01575,0.01198
0.052000000000000005,06,0.01575,0.01198
0.053000000000000005,06,0.01575,0.01198
0.054,06,0.01575,0.01198
0.055,06,0.01575,0.01198
0.056,06,0.01575,0.01198
0.057,06,0.01575,0.01198
0.058,06,0.01575,0.01198
0.059000000000000004,06,0.01575,0.01198
0.060000000000000005,06,0.01575,0.01198
0.061,06,0.01575,0.01198
0.062,06,0.01575,0.01198
0.063,06,0.01575,0.01198
0.064,06,0.01575,0.01198
0.065,06,0.01575,0.01198
0.066,06,0.01575,0.01198
0.067,06,0.01575,0.01198
0.068,06,0.01575,0.01198
0.069,06,0.01575,0.01198
0.07,06,0.01575,0.01198
0.07100000000000001,06,0.01575,0.01198
0.07200000000000001,06,0.01575,0.01198
0.07300000000000001,06,0.01575,0.01198
0.074,06,0.01575,0.01198
0.075,06,0.01575,0.01198
0.076,06,0.01575,0.01198
0.077,06,0.01575,0.01198
0.078,06,0.01575,0.01198
0.079,06,0.01575,0.01198
0.08,06,0.01575,0.01198
0.081,06,0.01575,0.01198
0.082,06,0.01575,0.01198
0.083,06,0.01575,0.01198
0.084,06,0.01575,0.01198
0.085,06,0.01575,0.01198
0.08600000000000001,06,0.01575,0.01198
0.08700000000000001,06,0.01575,0.01198
0.08800000000000001,06,0.01575,0.01198
0.089,06,0.01575,0.01198
0.09,06,0.01575,0.01198
0.091,06,0.01575,0.01198
0.092,06,0.01575,0.01198
0.093,06,0.01575,0.01198
0.094,06,0.01575,0.01198
0.095,06,0.01575,0.01198
0.096,06,0.01575,0.01198
0.097,06,0.01575,0.01198
0.098,06,0.01575,0.01198
0.099,06,0.01575,0.01198
0.1,06,0.01575,0.01198
0.101,06,0.01575,0.01198
0.10200000000000001,06,0.01575,0.01198
0.10300000000000001,06,0.01575,0.01198
0.10400000000000001,06,0.01575,0.01198
0.10500000000000001,06,0.01575,0.01198
0.106,06,0.01575,0.01198
0.107,06,0.01575,0.01198
0.108,06,0.01575,0.01198
0.109,06,0.01575,0.01198
0.11,06,0.01575,0.01198
0.111,06,0.01575,0.01198
0.112,06,0.01575,0.01198
0.113,06,0.01575,0.01198
0.114,06,0.01575,0.01198
0.115,06,0.01575,0.01198
0.116,06,0.01575,0.01198
0.117,06,0.01575,0.01198
0.11800000000000001,06,0.01575,0.01198
0.11900000000000001,06,0.01575,0.01198
0.12000000000000001,06,0.01575,0.01198
0.121,06,0.01575,0.01198
0.122,06,0.01575,0.01198
0.123,06,0.01575,0.01198
0.124,06,0.01575,0.01198
0.125,06,0.01575,0.01198
0.126,06,0.01575,0.01198
0.127,06,0.01575,0.01198
0.128,06,0.01575,0.01198
0.129,06,0.01575,0.01198
0.13,06,0.01575,0.01198
0.131,06,0.01575,0.01198
0.132,06,0.01575,0.01198
0.133,06,0.01575,0.01198
0.134,06,0.01575,0.01198
0.135,06,0.01575,0.01198
0.136,06,0.01575,0.01198
0.137,06,0.01575,0.01198
0.138,06,0.01575,0.01198
0.139,06,0.01575,0.01198
0.14,06,0.01575,0.01198
0.14100000000000001,06,0.01575,0.01198
0.14200000000000002,06,0.01575,0.01198
0.14300000000000002,06,0.01575,0.01198
0.14400000000000002,06,0.01575,0.01198
0.14500000000000002,06,0.01575,0.01198
0.146,06,0.01575,0.01198
0.147,06,0.01575,0.01198
0.148,06,0.01575,0.01198
0.149,06,0.01575,0.01198
0.15,06,0.01575,0.01198
0.151,06,0.01575,0.01198
0.152,06,0.01575,0.01198
0.153,06,0.01575,0.01198
0.154,06,0.01575,0.01198
0.155,06,0.01575,0.01198
0.156,06,0.01575,0.01198
0.157,06,0.01575,0.01198
0.158,06,0.01575,0.01198
0.159,06,0.01575,0.01198
0.16,06,0.01575,0.01198
0.161,06,0.01575,0.01198
0.162,06,0.01575,0.01198
0.163,06,0.01575,0.01198
0.164,06,0.01575,0.01198
0.165,06,0.01575,0.01198
0.166,06,0.01575,0.01198
0.167,06,0.01575,0.01198
0.168,06,0.01575,0.01198
0.169,06,0.01575,0.01198
0.17,06,0.01575,0.01198
0.171,06,0.01575,0.01198
0.17200000000000001,06,0.01575,0.01198
0.17300000000000001,06,0.01575,0.01198
0.17400000000000002,06,0.01575,0.01198
0.17500000000000002,06,0.01575,0.01198
0.17600000000000002,06,0.01575,0.01198
0.177,06,0.01575,0.01198
0.178,06,0.01575,0.01198
0.179,06,0.01575,0.01198
0.18,06,0.01575,0.01198
0.181,06,0.01575,0.01198
0.182,06,0.01575,0.01198
0.183,06,0.01575,0.01198
0.184,06,0.01575,0.01198
0.185,06,0.01575,0.01198
0.186,06,0.01575,0.01198
0.187,06,0.01575,0.01198
0.188,06,0.01575,0.01198
0.189,06,0.01575,0.01198
0.19,06,0.01575,0.01198
0.191,06,0.01575,0.01198
0.192,06,0.01575,0.01198
0.193,06,0.01575,0.01198
0.194,06,0.01575,0.01198
0.195,06,0.01575,0.01198
0.196,06,0.01575,0.01198
0.197,06,0.01575,0.01198
0.198,06,0.01575,0.01198
0.199,06,0.01575,0.01198
0.2,06,0.01575,0.01198
0.201,06,0.01575,0.01198
0.202,06,0.01575,0.01198
0.203,06,0.01575,0.01198
0.20400000000000001,06,0.01575,0.01198
0.20500000000000002,06,0.01575,0.01198
0.20600000000000002,06,0.01575,0.01198
0.20700000000000002,06,0.01575,0.01198
0.20800000000000002,06,0.01575,0.01198
0.20900000000000002,06,0.01575,0.01198
0.21,06,0.01575,0.01198
0.211,06,0.01575,0.01198
0.212,06,0.01575,0.01198
0.213,06,0.01575,0.01198
0.214,06,0.01575,0.01198
0.215,06,0.01575,0.01198
0.216,06,0.01575,0.01198
0.217,06,0.01575,0.01198
0.218,06,0.01575,0.01198
0.219,06,0.01575,0.01198
0.22,06,0.01575,0.01198
0.221,06,0.01575,0.01198
0.222,06,0.01575,0.01198
0.223,06,0.01575,0.01198
0.224,06,0.01575,0.01198
0.225,06,0.01575,0.01198
0.001,07,0.01673,0.01285
0.002,07,0.01673,0.01285
0.003,07,0.01673,0.01285
0.004,07,0.01673,0.01285
0.005,07,0.01673,0.01285
0.006,07,0.01673,0.01285
0.007,07,0.01673,0.01285
0.008,07,0.01673,0.01285
0.009000000000000001,07,0.01673,0.01285
0.010000000000000002,07,0.01673,0.01285
0.011,07,0.01673,0.01285
0.012,07,0.01673,0.01285
0.013000000000000001,07,0.01673,0.01285
0.014000000000000002,07,0.01673,0.01285
0.015,07,0.01673,0.01285
0.016,07,0.01673,0.01285
0.017,07,0.01673,0.01285
0.018000000000000002,07,0.01673,0.01285
0.019000000000000003,07,0.01673,0.01285
0.02,07,0.01673,0.01285
0.021,07,0.01673,0.01285
0.022000000000000002,07,0.01673,0.01285
0.023,07,0.01673,0.01285
0.024,07,0.01673,0.01285
0.025,07,0.01673,0.01285
0.026000000000000002,07,0.01673,0.01285
0.027000000000000003,07,0.01673,0.01285
0.028,07,0.01673,0.01285
0.029,07,0.01673,0.01285
0.030000000000000002,07,0.01673,0.01285
0.031,07,0.01673,0.01285
0.032,07,0.01673,0.01285
0.033,07,0.01673,0.01285
0.034,07,0.01673,0.01285
0.035,07,0.01673,0.01285
0.036000000000000004,07,0.01673,0.01285
0.037000000000000005,07,0.01673,0.01285
0.038,07,0.01673,0.01285
0.039,07,0.01673,0.01285
0.04,07,0.01673,0.01285
0.041,07,0.01673,0.01285
0.042,07,0.01673,0.01285
0.043000000000000003,07,0.01673,0.01285
0.044000000000000004,07,0.01673,0.01285
0.045,07,0.01673,0.01285
0.046,07,0.01673,0.01285
0.047,07,0.01673,0.01285
0.048,07,0.01673,0.01285
0.049,07,0.01673,0.01285
0.05,07,0.01673,0.01285
0.051000000000000004,07,0.01673,0.01285
0.052000000000000005,07,0.01673,0.01285
0.053000000000000005,07,0.01673,0.01285
0.054,07,0.01673,0.01285
0.055,07,0.01673,0.01285
0.056,07,0.01673,0.01285
0.057,07,0.01673,0.01285
0.058,07,0.01673,0.01285
0.059000000000000004,07,0.01673,0.01285
0.060000000000000005,07,0.01673,0.01285
0.061,07,0.01673,0.01285
0.062,07,0.01673,0.01285
0.063,07,0.01673,0.01285
0.064,07,0.01673,0.01285
0.065,07,0.01673,0.01285
0.066,07,0.01673,0.01285
0.067,07,0.01673,0.01285
0.068,07,0.01673,0.01285
0.069,07,0.01673,0.01285
0.07,07,0.01673,0.01285
0.07100000000000001,07,0.01673,0.01285
0.07200000000000001,07,0.01673,0.01285
0.07300000000000001,07,0.01673,0.01285
0.074,07,0.01673,0.01285
0.075,07,0.01673,0.01285
0.076,07,0.01673,0.01285
0.077,07,0.01673,0.01285
0.078,07,0.01673,0.01285
0.079,07,0.01673,0.01285
0.08,07,0.01673,0.01285
0.081,07,0.01673,0.01285
0.082,07,0.01673,0.01285
0.083,07,0.01673,0.01285
0.084,07,0.01673,0.01285
0.085,07,0.01673,0.01285
0.08600000000000001,07,0.01673,0.01285
0.08700000000000001,07,0.01673,0.01285
0.08800000000000001,07,0.01673,0.01285
0.089,07,0.01673,0.01285
0.09,07,0.01673,0.01285
0.091,07,0.01673,0.01285
0.092,07,0.01673,0.01285
0.093,07,0.01673,0.01285
0.094,07,0.01673,0.01285
0.095,07,0.01673,0.01285
0.096,07,0.01673,0.01285
0.097,07,0.01673,0.01285
0.098,07,0.01673,0.01285
0.099,07,0.01673,0.01285
0.1,07,0.01673,0.01285
0.101,07,0.01673,0.01285
0.10200000000000001,07,0.01673,0.01285
0.10300000000000001,07,0.01673,0.01285
0.10400000000000001,07,0.01673,0.01285
0.10500000000000001,07,0.01673,0.01285
0.106,07,0.01673,0.01285
0.107,07,0.01673,0.01285
0.108,07,0.01673,0.01285
0.109,07,0.01673,0.01285
0.11,07,0.01673,0.01285
0.111,07,0.01673,0.01285
0.112,07,0.01673,0.01285
0.113,07,0.01673,0.01285
0.114,07,0.01673,0.01285
0.115,07,0.01673,0.01285
0.116,07,0.01673,0.01285
0.117,07,0.01673,0.01285
0.11800000000000001,07,0.01673,0.01285
0.11900000000000001,07,0.01673,0.01285
0.12000000000000001,07,0.01673,0.01285
0.121,07,0.01673,0.01285
0.122,07,0.01673,0.01285
0.123,07,0.01673,0.01285
0.124,07,0.01673,0.01285
0.125,07,0.01673,0.01285
0.126,07,0.01673,0.01285
0.127,07,0.01673,0.01285
0.128,07,0.01673,0.01285
0.129,07,0.01673,0.01285
0.13,07,0.01673,0.01285
0.131,07,0.01673,0.01285
0.132,07,0.01673,0.01285
0.133,07,0.01673,0.01285
0.134,07,0.01673,0.01285
0.135,07,0.01673,0.01285
0.136,07,0.01673,0.01285
0.137,07,0.01673,0.01285
0.138,07,0.01673,0.01285
0.139,07,0.01673,0.01285
0.14,07,0.01673,0.01285
0.14100000000000001,07,0.01673,0.01285
0.14200000000000002,07,0.01673,0.01285
0.14300000000000002,07,0.01673,0.01285
0.14400000000000002,07,0.01673,0.01285
0.14500000000000002,07,0.01673,0.01285
0.146,07,0.01673,0.01285
0.147,07,0.01673,0.01285
0.148,07,0.01673,0.01285
0.149,07,0.01673,0.01285
0.15,07,0.01673,0.01285
0.151,07,0.01673,0.01285
0.152,07,0.01673,0.01285
0.153,07,0.01673,0.01285
0.154,07,0.01673,0.01285
0.155,07,0.01673,0.01285
0.156,07,0.01673,0.01285
0.157,07,0.01673,0.01285
0.158,07,0.01673,0.01285
0.159,07,0.01673,0.01285
0.16,07,0.01673,0.01285
0.161,07,0.01673,0.01285
0.162,07,0.01673,0.01285
0.163,07,0.01673,0.01285
0.164,07,0.01673,0.01285
0.165,07,0.01673,0.01285
0.166,07,0.01673,0.01285
0.167,07,0.01673,0.01285
0.168,07,0.01673,0.01285
0.169,07,0.01673,0.01285
0.17,07,0.01673,0.01285
0.171,07,0.01673,0.01285
0.17200000000000001,07,0.01673,0.01285
0.17300000000000001,07,0.01673,0.01285
0.17400000000000002,07,0.01673,0.01285
0.17500000000000002,07,0.01673,0.01285
0.17600000000000002,07,0.01673,0.01285
0.177,07,0.01673,0.01285
0.178,07,0.01673,0.01285
0.179,07,0.01673,0.01285
0.18,07,0.01673,0.01285
0.181,07,0.01673,0.01285
0.182,07,0.01673,0.01285
0.183,07,0.01673,0.01285
0.184,07,0.01673,0.01285
0.185,07,0.01673,0.01285
0.186,07,0.01673,0.01285
0.187,07,0.01673,0.01285
0.188,07,0.01673,0.01285
0.189,07,0.01673,0.01285
0.19,07,0.01673,0.01285
0.191,07,0.01673,0.01285
0.192,07,0.01673,0.01285
0.193,07,0.01673,0.01285
0.194,07,0.01673,0.01285
0.195,07,0.01673,0.01285
0.196,07,0.01673,0.01285
0.197,07,0.01673,0.01285
0.198,07,0.01673,0.01285
0.199,07,0.01673,0.01285
0.2,07,0.01673,0.01285
0.201,07,0.01673,0.01285
0.202,07,0.01673,0.01285
0.203,07,0.01673,0.01285
0.20400000000000001,07,0.01673,0.01285
0.20500000000000002,07,0.01673,0.01285
0.20600000000000002,07,0.01673,0.01285
0.20700000000000002,07,0.01673,0.01285
0.20800000000000002,07,0.01673,0.01285
0.20900000000000002,07,0.01673,0.01285
0.21,07,0.01673,0.01285
0.211,07,0.01673,0.01285
0.212,07,0.01673,0.01285
0.213,07,0.01673,0.01285
0.214,07,0.01673,0.01285
0.215,07,0.01673,0.01285
0.216,07,0.01673,0.01285
0.217,07,0.01673,0.01285
0.218,07,0.01673,0.01285
0.219,07,0.01673,0.01285
0.22,07,0.01673,0.01285
0.221,07,0.01673,0.01285
0.222,07,0.01673,0.01285
0.223,07,0.01673,0.01285
0.224,07,0.01673,0.01285
0.225,07,0.01673,0.01285
0.001,08,0.0177,0.0136
0.002,08,0.0177,0.0136
0.003,08,0.0177,0.0136
0.004,08,0.0177,0.0136
0.005,08,0.0177,0.0136
0.006,08,0.0177,0.0136
0.007,08,0.0177,0.0136
0.008,08,0.0177,0.0136
0.009000000000000001,08,0.0177,0.0136
0.010000000000000002,08,0.0177,0.0136
0.011,08,0.0177,0.0136
0.012,08,0.0177,0.0136
0.013000000000000001,08,0.0177,0.0136
0.014000000000000002,08,0.0177,0.0136
0.015,08,0.0177,0.0136
0.016,08,0.0177,0.0136
0.017,08,0.0177,0.0136
0.018000000000000002,08,0.0177,0.0136
0.019000000000000003,08,0.0177,0.0136
0.02,08,0.0177,0.0136
0.021,08,0.0177,0.0136
0.022000000000000002,08,0.0177,0.0136
0.023,08,0.0177,0.0136
0.024,08,0.0177,0.0136
0.025,08,0.0177,0.0136
0.026000000000000002,08,0.0177,0.0136
0.027000000000000003,08,0.0177,0.0136
0.028,08,0.0177,0.0136
0.029,08,0.0177,0.0136
0.030000000000000002,08,0.0177,0.0136
0.031,08,0.0177,0.0136
0.032,08,0.0177,0.0136
0.033,08,0.0177,0.0136
0.034,08,0.0177,0.0136
0.035,08,0.0177,0.0136
0.036000000000000004,08,0.0177,0.0136
0.037000000000000005,08,0.0177,0.0136
0.038,08,0.0177,0.0136
0.039,08,0.0177,0.0136
0.04,08,0.0177,0.0136
0.041,08,0.0177,0.0136
0.042,08,0.0177,0.0136
0.043000000000000003,08,0.0177,0.0136
0.044000000000000004,08,0.0177,0.0136
0.045,08,0.0177,0.0136
0.046,08,0.0177,0.0136
0.047,08,0.0177,0.0136
0.048,08,0.0177,0.0136
0.049,08,0.0177,0.0136
0.05,08,0.0177,0.0136
0.051000000000000004,08,0.0177,0.0136
0.052000000000000005,08,0.0177,0.0136
0.053000000000000005,08,0.0177,0.0136
0.054,08,0.0177,0.0136
0.055,08,0.0177,0.0136
0.056,08,0.0177,0.0136
0.057,08,0.0177,0.0136
0.058,08,0.0177,0.0136
0.059000000000000004,08,0.0177,0.0136
0.060000000000000005,08,0.0177,0.0136
0.061,08,0.0177,0.0136
0.062,08,0.0177,0.0136
0.063,08,0.0177,0.0136
0.064,08,0.0177,0.0136
0.065,08,0.0177,0.0136
0.066,08,0.0177,0.0136
0.067,08,0.0177,0.0136
0.068,08,0.0177,0.0136
0.069,08,0.0177,0.0136
0.07,08,0.0177,0.0136
0.07100000000000001,08,0.0177,0.0136
0.07200000000000001,08,0.0177,0.0136
0.07300000000000001,08,0.0177,0.0136
0.074,08,0.0177,0.0136
0.075,08,0.0177,0.0136
0.076,08,0.0177,0.0136
0.077,08,0.0177,0.0136
0.078,08,0.0177,0.0136
0.079,08,0.0177,0.0136
0.08,08,0.0177,0.0136
0.081,08,0.0177,0.0136
0.082,08,0.0177,0.0136
0.083,08,0.0177,0.0136
0.084,08,0.0177,0.0136
0.085,08,0.0177,0.0136
0.08600000000000001,08,0.0177,0.0136
0.08700000000000001,08,0.0177,0.0136
0.08800000000000001,08,0.0177,0.0136
0.089,08,0.0177,0.0136
0.09,08,0.0177,0.0136
0.091,08,0.0177,0.0136
0.092,08,0.0177,0.0136
0.093,08,0.0177,0.0136
0.094,08,0.0177,0.0136
0.095,08,0.0177,0.0136
0.096,08,0.0177,0.0136
0.097,08,0.0177,0.0136
0.098,08,0.0177,0.0136
0.099,08,0.0177,0.0136
0.1,08,0.0177,0.0136
0.101,08,0.0177,0.0136
0.10200000000000001,08,0.0177,0.0136
0.10300000000000001,08,0.0177,0.0136
0.10400000000000001,08,0.0177,0.0136
0.10500000000000001,08,0.0177,0.0136
0.106,08,0.0177,0.0136
0.107,08,0.0177,0.0136
0.108,08,0.0177,0.0136
0.109,08,0.0177,0.0136
0.11,08,0.0177,0.0136
0.111,08,0.0177,0.0136
0.112,08,0.0177,0.0136
0.113,08,0.0177,0.0136
0.114,08,0.0177,0.0136
0.115,08,0.0177,0.0136
0.116,08,0.0177,0.0136
0.117,08,0.0177,0.0136
0.11800000000000001,08,0.0177,0.0136
0.11900000000000001,08,0.0177,0.0136
0.12000000000000001,08,0.0177,0.0136
0.121,08,0.0177,0.0136
0.122,08,0.0177,0.0136
0.123,08,0.0177,0.0136
0.124,08,0.0177,0.0136
0.125,08,0.0177,0.0136
0.126,08,0.0177,0.0136
0.127,08,0.0177,0.0136
0.128,08,0.0177,0.0136
0.129,08,0.0177,0.0136
0.13,08,0.0177,0.0136
0.131,08,0.0177,0.0136
0.132,08,0.0177,0.0136
0.133,08,0.0177,0.0136
0.134,08,0.0177,0.0136
0.135,08,0.0177,0.0136
0.136,08,0.0177,0.0136
0.137,08,0.0177,0.0136
0.138,08,0.0177,0.0136
0.139,08,0.0177,0.0136
0.14,08,0.0177,0.0136
0.14100000000000001,08,0.0177,0.0136
0.14200000000000002,08,0.0177,0.0136
0.14300000000000002,08,0.0177,0.0136
0.14400000000000002,08,0.0177,0.0136
0.14500000000000002,08,0.0177,0.0136
0.146,08,0.0177,0.0136
0.147,08,0.0177,0.0136
0.148,08,0.0177,0.0136
0.149,08,0.0177,0.0136
0.15,08,0.0177,0.0136
0.151,08,0.0177,0.0136
0.152,08,0.0177,0.0136
0.153,08,0.0177,0.0136
0.154,08,0.0177,0.0136
0.155,08,0.0177,0.0136
0.156,08,0.0177,0.0136
0.157,08,0.0177,0.0136
0.158,08,0.0177,0.0136
0.159,08,0.0177,0.0136
0.16,08,0.0177,0.0136
0.161,08,0.0177,0.0136
0.162,08,0.0177,0.0136
0.163,08,0.0177,0.0136
0.164,08,0.0177,0.0136
0.165,08,0.0177,0.0136
0.166,08,0.0177,0.0136
0.167,08,0.0177,0.0136
0.168,08,0.0177,0.0136
0.169,08,0.0177,0.0136
0.17,08,0.0177,0.0136
0.171,08,0.0177,0.0136
0.17200000000000001,08,0.0177,0.0136
0.17300000000000001,08,0.0177,0.0136
0.17400000000000002,08,0.0177,0.0136
0.17500000000000002,08,0.0177,0.0136
0.17600000000000002,08,0.0177,0.0136
0.177,08,0.0177,0.0136
0.178,08,0.0177,0.0136
0.179,08,0.0177,0.0136
0.18,08,0.0177,0.0136
0.181,08,0.0177,0.0136
0.182,08,0.0177,0.0136
0.183,08,0.0177,0.0136
0.184,08,0.0177,0.0136
0.185,08,0.0177,0.0136
0.186,08,0.0177,0.0136
0.187,08,0.0177,0.0136
0.188,08,0.0177,0.0136
0.189,08,0.0177,0.0136
0.19,08,0.0177,0.0136
0.191,08,0.0177,0.0136
0.192,08,0.0177,0.0136
0.193,08,0.0177,0.0136
0.194,08,0.0177,0.0136
0.195,08,0.0177,0.0136
0.196,08,0.0177,0.0136
0.197,08,0.0177,0.0136
0.198,08,0.0177,0.0136
0.199,08,0.0177,0.0136
0.2,08,0.0177,0.0136
0.201,08,0.0177,0.0136
0.202,08,0.0177,0.0136
0.203,08,0.0177,0.0136
0.20400000000000001,08,0.0177,0.0136
0.20500000000000002,08,0.0177,0.0136
0.20600000000000002,08,0.0177,0.0136
0.20700000000000002,08,0.0177,0.0136
0.20800000000000002,08,0.0177,0.0136
0.20900000000000002,08,0.0177,0.0136
0.21,08,0.0177,0.0136
0.211,08,0.0177,0.0136
0.212,08,0.0177,0.0136
0.213,08,0.0177,0.0136
0.214,08,0.0177,0.0136
0.215,08,0.0177,0.0136
0.216,08,0.0177,0.0136
0.217,08,0.0177,0.0136
0.218,08,0.0177,0.0136
0.219,08,0.0177,0.0136
0.22,08,0.0177,0.0136
0.221,08,0.0177,0.0136
0.222,08,0.0177,0.0136
0.223,08,0.0177,0.0136
0.224,08,0.0177,0.0136
0.225,08,0.0177,0.0136
0.001,13,0.02168,0.01633
0.002,13,0.02168,0.01633
0.003,13,0.02168,0.01633
0.004,13,0.02168,0.01633
0.005,13,0.02168,0.01633
0.006,13,0.02168,0.01633
0.007,13,0.02168,0.01633
0.008,13,0.02168,0.01633
0.009000000000000001,13,0.02168,0.01633
0.010000000000000002,13,0.02168,0.01633
0.011,13,0.02168,0.01633
0.012,13,0.02168,0.01633
0.013000000000000001,13,0.02168,0.01633
0.014000000000000002,13,0.02168,0.01633
0.015,13,0.02168,0.01633
0.016,13,0.02168,0.01633
0.017,13,0.02168,0.01633
0.018000000000000002,13,0.02168,0.01633
0.019000000000000003,13,0.02168,0.01633
0.02,13,0.02168,0.01633
0.021,13,0.02168,0.01633
0.022000000000000002,13,0.02168,0.01633
0.023,13,0.02168,0.01633
0.024,13,0.02168,0.01633
0.025,13,0.02168,0.01633
0.026000000000000002,13,0.02168,0.01633
0.027000000000000003,13,0.02168,0.01633
0.028,13,0.02168,0.01633
0.029,13,0.02168,0.01633
0.030000000000000002,13,0.02168,0.01633
0.031,13,0.02168,0.01633
0.032,13,0.02168,0.01633
0.033,13,0.02168,0.01633
0.034,13,0.02168,0.01633
0.035,13,0.02168,0.01633
0.036000000000000004,13,0.02168,0.01633
0.037000000000000005,13,0.02168,0.01633
0.038,13,0.02168,0.01633
0.039,13,0.02168,0.01633
0.04,13,0.02168,0.01633
0.041,13,0.02168,0.01633
0.042,13,0.02168,0.01633
0.043000000000000003,13,0.02168,0.01633
0.044000000000000004,13,0.02168,0.01633
0.045,13,0.02168,0.01633
0.046,13,0.02168,0.01633
0.047,13,0.02168,0.01633
0.048,13,0.02168,0.01633
0.049,13,0.02168,0.01633
0.05,13,0.02168,0.01633
0.051000000000000004,13,0.02168,0.01633
0.052000000000000005,13,0.02168,0.01633
0.053000000000000005,13,0.02168,0.01633
0.054,13,0.02168,0.01633
0.055,13,0.02168,0.01633
0.056,13,0.02168,0.01633
0.057,13,0.02168,0.01633
0.058,13,0.02168,0.01633
0.059000000000000004,13,0.02168,0.01633
0.060000000000000005,13,0.02168,0.01633
0.061,13,0.02168,0.01633
0.062,13,0.02168,0.01633
0.063,13,0.02168,0.01633
0.064,13,0.02168,0.01633
0.065,13,0.02168,0.01633
0.066,13,0.02168,0.01633
0.067,13,0.02168,0.01633
0.068,13,0.02168,0.01633
0.069,13,0.02168,0.01633
0.07,13,0.02168,0.01633
0.07100000000000001,13,0.02168,0.01633
0.07200000000000001,13,0.02168,0.01633
0.07300000000000001,13,0.02168,0.01633
0.074,13,0.02168,0.01633
0.075,13,0.02168,0.01633
0.076,13,0.02168,0.01633
0.077,13,0.02168,0.01633
0.078,13,0.02168,0.01633
0.079,13,0.02168,0.01633
0.08,13,0.02168,0.01633
0.081,13,0.02168,0.01633
0.082,13,0.02168,0.01633
0.083,13,0.02168,0.01633
0.084,13,0.02168,0.01633
0.085,13,0.02168,0.01633
0.08600000000000001,13,0.02168,0.01633
0.08700000000000001,13,0.02168,0.01633
0.08800000000000001,13,0.02168,0.01633
0.089,13,0.02168,0.01633
0.09,13,0.02168,0.01633
0.091,13,0.02168,0.01633
0.092,13,0.02168,0.01633
0.093,13,0.02168,0.01633
0.094,13,0.02168,0.01633
0.095,13,0.02168,0.01633
0.096,13,0.02168,0.01633
0.097,13,0.02168,0.01633
0.098,13,0.02168,0.01633
0.099,13,0.02168,0.01633
0.1,13,0.02168,0.01633
0.101,13,0.02168,0.01633
0.10200000000000001,13,0.02168,0.01633
0.10300000000000001,13,0.02168,0.01633
0.10400000000000001,13,0.02168,0.01633
0.10500000000000001,13,0.02168,0.01633
0.106,13,0.02168,0.01633
0.107,13,0.02168,0.01633
0.108,13,0.02168,0.01633
0.109,13,0.02168,0.01633
0.11,13,0.02168,0.01633
0.111,13,0.02168,0.01633
0.112,13,0.02168,0.01633
0.113,13,0.02168,0.01633
0.114,13,0.02168,0.01633
0.115,13,0.02168,0.01633
0.116,13,0.02168,0.01633
0.117,13,0.02168,0.01633
0.11800000000000001,13,0.02168,0.01633
0.11900000000000001,13,0.02168,0.01633
0.12000000000000001,13,0.02168,0.01633
0.121,13,0.02168,0.01633
0.122,13,0.02168,0.01633
0.123,13,0.02168,0.01633
0.124,13,0.02168,0.01633
0.125,13,0.02168,0.01633
0.126,13,0.02168,0.01633
0.127,13,0.02168,0.01633
0.128,13,0.02168,0.01633
0.129,13,0.02168,0.01633
0.13,13,0.02168,0.01633
0.131,13,0.02168,0.01633
0.132,13,0.02168,0.01633
0.133,13,0.02168,0.01633
0.134,13,0.02168,0.01633
0.135,13,0.02168,0.01633
0.136,13,0.02168,0.01633
0.137,13,0.02168,0.01633
0.138,13,0.02168,0.01633
0.139,13,0.02168,0.01633
0.14,13,0.02168,0.01633
0.14100000000000001,13,0.02168,0.01633
0.14200000000000002,13,0.02168,0.01633
0.14300000000000002,13,0.02168,0.01633
0.14400000000000002,13,0.02168,0.01633
0.14500000000000002,13,0.02168,0.01633
0.146,13,0.02168,0.01633
0.147,13,0.02168,0.01633
0.148,13,0.02168,0.01633
0.149,13,0.02168,0.01633
0.15,13,0.02168,0.01633
0.151,13,0.02168,0.01633
0.152,13,0.02168,0.01633
0.153,13,0.02168,0.01633
0.154,13,0.02168,0.01633
0.155,13,0.02168,0.01633
0.156,13,0.02168,0.01633
0.157,13,0.02168,0.01633
0.158,13,0.02168,0.01633
0.159,13,0.02168,0.01633
0.16,13,0.02168,0.01633
0.161,13,0.02168,0.01633
0.162,13,0.02168,0.01633
0.163,13,0.02168,0.01633
0.164,13,0.02168,0.01633
0.165,13,0.02168,0.01633
0.166,13,0.02168,0.01633
0.167,13,0.02168,0.01633
0.168,13,0.02168,0.01633
0.169,13,0.02168,0.01633
0.17,13,0.02168,0.01633
0.171,13,0.02168,0.01633
0.17200000000000001,13,0.02168,0.01633
0.17300000000000001,13,0.02168,0.01633
0.17400000000000002,13,0.02168,0.01633
0.17500000000000002,13,0.02168,0.01633
0.17600000000000002,13,0.02168,0.01633
0.177,13,0.02168,0.01633
0.178,13,0.02168,0.01633
0.179,13,0.02168,0.01633
0.18,13,0.02168,0.01633
0.181,13,0.02168,0.01633
0.182,13,0.02168,0.01633
0.183,13,0.02168,0.01633
0.184,13,0.02168,0.01633
0.185,13,0.02168,0.01633
0.186,13,0.02168,0.01633
0.187,13,0.02168,0.01633
0.188,13,0.02168,0.01633
0.189,13,0.02168,0.01633
0.19,13,0.02168,0.01633
0.191,13,0.02168,0.01633
0.192,13,0.02168,0.01633
0.193,13,0.02168,0.01633
0.194,13,0.02168,0.01633
0.195,13,0.02168,0.01633
0.196,13,0.02168,0.01633
0.197,13,0.02168,0.01633
0.198,13,0.02168,0.01633
0.199,13,0.02168,0.01633
0.2,13,0.02168,0.01633
0.201,13,0.02168,0.01633
0.202,13,0.02168,0.01633
0.203,13,0.02168,0.01633
0.20400000000000001,13,0.02168,0.01633
0.20500000000000002,13,0.02168,0.01633
0.20600000000000002,13,0.02168,0.01633
0.20700000000000002,13,0.02168,0.01633
0.20800000000000002,13,0.02168,0.01633
0.20900000000000002,13,0.02168,0.01633
0.21,13,0.02168,0.01633
0.211,13,0.02168,0.01633
0.212,13,0.02168,0.01633
0.213,13,0.02168,0.01633
0.214,13,0.02168,0.01633
0.215,13,0.02168,0.01633
0.216,13,0.02168,0.01633
0.217,13,0.02168,0.01633
0.218,13,0.02168,0.01633
0.219,13,0.02168,0.01633
0.22,13,0.02168,0.01633
0.221,13,0.02168,0.01633
0.222,13,0.02168,0.01633
0.223,13,0.02168,0.01633
0.224,13,0.02168,0.01633
0.225,13,0.02168,0.01633
0.001,29,0.03408,0.02387
0.002,29,0.03408,0.02387
0.003,29,0.03408,0.02387
0.004,29,0.03408,0.02387
0.005,29,0.03408,0.02387
0.006,29,0.03408,0.02387
0.007,29,0.03408,0.02387
0.008,29,0.03408,0.02387
0.009000000000000001,29,0.03408,0.02387
0.010000000000000002,29,0.03408,0.02387
0.011,29,0.03408,0.02387
0.012,29,0.03408,0.02387
0.013000000000000001,29,0.03408,0.02387
0.014000000000000002,29,0.03408,0.02387
0.015,29,0.03408,0.02387
0.016,29,0.03408,0.02387
0.017,29,0.03408,0.02387
0.018000000000000002,29,0.03408,0.02387
0.019000000000000003,29,0.03408,0.02387
0.02,29,0.03408,0.02387
0.021,29,0.03408,0.02387
0.022000000000000002,29,0.03408,0.02387
0.023,29,0.03408,0.02387
0.024,29,0.03408,0.02387
0.025,29,0.03408,0.02387
0.026000000000000002,29,0.03408,0.02387
0.027000000000000003,29,0.03408,0.02387
0.028,29,0.03408,0.02387
0.029,29,0.03408,0.02387
0.030000000000000002,29,0.03408,0.02387
0.031,29,0.03408,0.02387
0.032,29,0.03408,0.02387
0.033,29,0.03408,0.02387
0.034,29,0.03408,0.02387
0.035,29,0.03408,0.02387
0.036000000000000004,29,0.03408,0.02387
0.037000000000000005,29,0.03408,0.02387
0.038,29,0.03408,0.02387
0.039,29,0.03408,0.02387
0.04,29,0.03408,0.02387
0.041,29,0.03408,0.02387
0.042,29,0.03408,0.02387
0.043000000000000003,29,0.03408,0.02387
0.044000000000000004,29,0.03408,0.02387
0.045,29,0.03408,0.02387
0.046,29,0.03408,0.02387
0.047,29,0.03408,0.02387
0.048,29,0.03408,0.02387
0.049,29,0.03408,0.02387
0.05,29,0.03408,0.02387
0.051000000000000004,29,0.03408,0.02387
0.052000000000000005,29,0.03408,0.02387
0.053000000000000005,29,0.03408,0.02387
0.054,29,0.03408,0.02387
0.055,29,0.03408,0.02387
0.056,29,0.03408,0.02387
0.057,29,0.03408,0.02387
0.058,29,0.03408,0.02387
0.059000000000000004,29,0.03408,0.02387
0.060000000000000005,29,0.03408,0.02387
0.061,29,0.03408,0.02387
0.062,29,0.03408,0.02387
0.063,29,0.03408,0.02387
0.064,29,0.03408,0.02387
0.065,29,0.03408,0.02387
0.066,29,0.03408,0.02387
0.067,29,0.03408,0.02387
0.068,29,0.03408,0.02387
0.069,29,0.03408,0.02387
0.07,29,0.03408,0.02387
0.07100000000000001,29,0.03408,0.02387
0.07200000000000001,29,0.03408,0.02387
0.07300000000000001,29,0.03408,0.02387
0.074,29,0.03408,0.02387
0.075,29,0.03408,0.02387
0.076,29,0.03408,0.02387
0.077,29,0.03408,0.02387
0.078,29,0.03408,0.02387
0.079,29,0.03408,0.02387
0.08,29,0.03408,0.02387
0.081,29,0.03408,0.02387
0.082,29,0.03408,0.02387
0.083,29,0.03408,0.02387
0.084,29,0.03408,0.02387
0.085,29,0.03408,0.02387
0.08600000000000001,29,0.03408,0.02387
0.08700000000000001,29,0.03408,0.02387
0.08800000000000001,29,0.03408,0.02387
0.089,29,0.03408,0.02387
0.09,29,0.03408,0.02387
0.091,29,0.03408,0.02387
0.092,29,0.03408,0.02387
0.093,29,0.03408,0.02387
0.094,29,0.03408,0.02387
0.095,29,0.03408,0.02387
0.096,29,0.03408,0.02387
0.097,29,0.03408,0.02387
0.098,29,0.03408,0.02387
0.099,29,0.03408,0.02387
0.1,29,0.03408,0.02387
0.101,29,0.03408,0.02387
0.10200000000000001,29,0.03408,0.02387
0.10300000000000001,29,0.03408,0.02387
0.10400000000000001,29,0.03408,0.02387
0.10500000000000001,29,0.03408,0.02387
0.106,29,0.03408,0.02387
0.107,29,0.03408,0.02387
0.108,29,0.03408,0.02387
0.109,29,0.03408,0.02387
0.11,29,0.03408,0.02387
0.111,29,0.03408,0.02387
0.112,29,0.03408,0.02387
0.113,29,0.03408,0.02387
0.114,29,0.03408,0.02387
0.115,29,0.03408,0.02387
0.116,29,0.03408,0.02387
0.117,29,0.03408,0.02387
0.11800000000000001,29,0.03408,0.02387
0.11900000000000001,29,0.03408,0.02387
0.12000000000000001,29,0.03408,0.02387
0.121,29,0.03408,0.02387
0.122,29,0.03408,0.02387
0.123,29,0.03408,0.02387
0.124,29,0.03408,0.02387
0.125,29,0.03408,0.02387
0.126,29,0.03408,0.02387
0.127,29,0.03408,0.02387
0.128,29,0.03408,0.02387
0.129,29,0.03408,0.02387
0.13,29,0.03408,0.02387
0.131,29,0.03408,0.02387
0.132,29,0.03408,0.02387
0.133,29,0.03408,0.02387
0.134,29,0.03408,0.02387
0.135,29,0.03408,0.02387
0.136,29,0.03408,0.02387
0.137,29,0.03408,0.02387
0.138,29,0.03408,0.02387
0.139,29,0.03408,0.02387
0.14,29,0.03408,0.02387
0.14100000000000001,29,0.03408,0.02387
0.14200000000000002,29,0.03408,0.02387
0.14300000000000002,29,0.03408,0.02387
0.14400000000000002,29,0.03408,0.02387
0.14500000000000002,29,0.03408,0.02387
0.146,29,0.03408,0.02387
0.147,29,0.03408,0.02387
0.148,29,0.03408,0.02387
0.149,29,0.03408,0.02387
0.15,29,0.03408,0.02387
0.151,29,0.03408,0.02387
0.152,29,0.03408,0.02387
0.153,29,0.03408,0.02387
0.154,29,0.03408,0.02387
0.155,29,0.03408,0.02387
0.156,29,0.03408,0.02387
0.157,29,0.03408,0.02387
0.158,29,0.03408,0.02387
0.159,29,0.03408,0.02387
0.16,29,0.03408,0.02387
0.161,29,0.03408,0.02387
0.162,29,0.03408,0.02387
0.163,29,0.03408,0.02387
0.164,29,0.03408,0.02387
0.165,29,0.03408,0.02387
0.166,29,0.03408,0.02387
0.167,29,0.03408,0.02387
0.168,29,0.03408,0.02387
0.169,29,0.03408,0.02387
0.17,29,0.03408,0.02387
0.171,29,0.03408,0.02387
0.17200000000000001,29,0.03408,0.02387
0.17300000000000001,29,0.03408,0.02387
0.17400000000000002,29,0.03408,0.02387
0.17500000000000002,29,0.03408,0.02387
0.17600000000000002,29,0.03408,0.02387
0.177,29,0.03408,0.02387
0.178,29,0.03408,0.02387
0.179,29,0.03408,0.02387
0.18,29,0.03408,0.02387
0.181,29,0.03408,0.02387
0.182,29,0.03408,0.02387
0.183,29,0.03408,0.02387
0.184,29,0.03408,0.02387
0.185,29,0.03408,0.02387
0.186,29,0.03408,0.02387
0.187,29,0.03408,0.02387
0.188,29,0.03408,0.02387
0.189,29,0.03408,0.02387
0.19,29,0.03408,0.02387
0.191,29,0.03408,0.02387
0.192,29,0.03408,0.02387
0.193,29,0.03408,0.02387
0.194,29,0.03408,0.02387
0.195,29,0.03408,0.02387
0.196,29,0.03408,0.02387
0.197,29,0.03408,0.02387
0.198,29,0.03408,0.02387
0.199,29,0.03408,0.02387
0.2,29,0.03408,0.02387
0.201,29,0.03408,0.02387
0.202,29,0.03408,0.02387
0.203,29,0.03408,0.02387
0.20400000000000001,29,0.03408,0.02387
0.20500000000000002,29,0.03408,0.02387
0.20600000000000002,29,0.03408,0.02387
0.20700000000000002,29,0.03408,0.02387
0.20800000000000002,29,0.03408,0.02387
0.20900000000000002,29,0.03408,0.02387
0.21,29,0.03408,0.02387
0.211,29,0.03408,0.02387
0.212,29,0.03408,0.02387
0.213,29,0.03408,0.02387
0.214,29,0.03408,0.02387
0.215,29,0.03408,0.02387
0.216,29,0.03408,0.02387
0.217,29,0.03408,0.02387
0.218,29,0.03408,0.02387
0.219,29,0.03408,0.02387
0.22,29,0.03408,0.02387
0.221,29,0.03408,0.02387
0.222,29,0.03408,0.02387
0.223,29,0.03408,0.02387
0.224,29,0.03408,0.02387
0.225,29,0.03408,0.02387
0.001,30,0.03509,0.02451
0.002,30,0.03509,0.02451
0.003,30,0.03509,0.02451
0.004,30,0.03509,0.02451
0.005,30,0.03509,0.02451
0.006,30,0.03509,0.02451
0.007,30,0.03509,0.02451
0.008,30,0.03509,0.02451
0.009000000000000001,30,0.03509,0.02451
0.010000000000000002,30,0.03509,0.02451
0.011,30,0.03509,0.02451
0.012,30,0.03509,0.02451
0.013000000000000001,30,0.03509,0.02451
0.014000000000000002,30,0.03509,0.02451
0.015,30,0.03509,0.02451
0.016,30,0.03509,0.02451
0.017,30,0.03509,0.02451
0.018000000000000002,30,0.03509,0.02451
0.019000000000000003,30,0.03509,0.02451
0.02,30,0.03509,0.02451
0.021,30,0.03509,0.02451
0.022000000000000002,30,0.03509,0.02451
0.023,30,0.03509,0.02451
0.024,30,0.03509,0.02451
0.025,30,0.03509,0.02451
0.026000000000000002,30,0.03509,0.02451
0.027000000000000003,30,0.03509,0.02451
0.028,30,0.03509,0.02451
0.029,30,0.03509,0.02451
0.030000000000000002,30,0.03509,0.02451
0.031,30,0.03509,0.02451
0.032,30,0.03509,0.02451
0.033,30,0.03509,0.02451
0.034,30,0.03509,0.02451
0.035,30,0.03509,0.02451
0.036000000000000004,30,0.03509,0.02451
0.037000000000000005,30,0.03509,0.02451
0.038,30,0.03509,0.02451
0.039,30,0.03509,0.02451
0.04,30,0.03509,0.02451
0.041,30,0.03509,0.02451
0.042,30,0.03509,0.02451
0.043000000000000003,30,0.03509,0.02451
0.044000000000000004,30,0.03509,0.02451
0.045,30,0.03509,0.02451
0.046,30,0.03509,0.02451
0.047,30,0.03509,0.02451
0.048,30,0.03509,0.02451
0.049,30,0.03509,0.02451
0.05,30,0.03509,0.02451
0.051000000000000004,30,0.03509,0.02451
0.052000000000000005,30,0.03509,0.02451
0.053000000000000005,30,0.03509,0.02451
0.054,30,0.03509,0.02451
0.055,30,0.03509,0.02451
0.056,30,0.03509,0.02451
0.057,30,0.03509,0.02451
0.058,30,0.03509,0.02451
0.059000000000000004,30,0.03509,0.02451
0.060000000000000005,30,0.03509,0.02451
0.061,30,0.03509,0.02451
0.062,30,0.03509,0.02451
0.063,30,0.03509,0.02451
0.064,30,0.03509,0.02451
0.065,30,0.03509,0.02451
0.066,30,0.03509,0.02451
0.067,30,0.03509,0.02451
0.068,30,0.03509,0.02451
0.069,30,0.03509,0.02451
0.07,30,0.03509,0.02451
0.07100000000000001,30,0.03509,0.02451
0.07200000000000001,30,0.03509,0.02451
0.07300000000000001,30,0.03509,0.02451
0.074,30,0.03509,0.02451
0.075,30,0.03509,0.02451
0.076,30,0.03509,0.02451
0.077,30,0.03509,0.02451
0.078,30,0.03509,0.02451
0.079,30,0.03509,0.02451
0.08,30,0.03509,0.02451
0.081,30,0.03509,0.02451
0.082,30,0.03509,0.02451
0.083,30,0.03509,0.02451
0.084,30,0.03509,0.02451
0.085,30,0.03509,0.02451
0.08600000000000001,30,0.03509,0.02451
0.08700000000000001,30,0.03509,0.02451
0.08800000000000001,30,0.03509,0.02451
0.089,30,0.03509,0.02451
0.09,30,0.03509,0.02451
0.091,30,0.03509,0.02451
0.092,30,0.03509,0.02451
0.093,30,0.03509,0.02451
0.094,30,0.03509,0.02451
0.095,30,0.03509,0.02451
0.096,30,0.03509,0.02451
0.097,30,0.03509,0.02451
0.098,30,0.03509,0.02451
0.099,30,0.03509,0.02451
0.1,30,0.03509,0.02451
0.101,30,0.03509,0.02451
0.10200000000000001,30,0.03509,0.02451
0.10300000000000001,30,0.03509,0.02451
0.10400000000000001,30,0.03509,0.02451
0.10500000000000001,30,0.03509,0.02451
0.106,30,0.03509,0.02451
0.107,30,0.03509,0.02451
0.108,30,0.03509,0.02451
0.109,30,0.03509,0.02451
0.11,30,0.03509,0.02451
0.111,30,0.03509,0.02451
0.112,30,0.03509,0.02451
0.113,30,0.03509,0.02451
0.114,30,0.03509,0.02451
0.115,30,0.03509,0.02451
0.116,30,0.03509,0.02451
0.117,30,0.03509,0.02451
0.11800000000000001,30,0.03509,0.02451
0.11900000000000001,30,0.03509,0.02451
0.12000000000000001,30,0.03509,0.02451
0.121,30,0.03509,0.02451
0.122,30,0.03509,0.02451
0.123,30,0.03509,0.02451
0.124,30,0.03509,0.02451
0.125,30,0.03509,0.02451
0.126,30,0.03509,0.02451
0.127,30,0.03509,0.02451
0.128,30,0.03509,0.02451
0.129,30,0.03509,0.02451
0.13,30,0.03509,0.02451
0.131,30,0.03509,0.02451
0.132,30,0.03509,0.02451
0.133,30,0.03509,0.02451
0.134,30,0.03509,0.02451
0.135,30,0.03509,0.02451
0.136,30,0.03509,0.02451
0.137,30,0.03509,0.02451
0.138,30,0.03509,0.02451
0.139,30,0.03509,0.02451
0.14,30,0.03509,0.02451
0.14100000000000001,30,0.03509,0.02451
0.14200000000000002,30,0.03509,0.02451
0.14300000000000002,30,0.03509,0.02451
0.14400000000000002,30,0.03509,0.02451
0.14500000000000002,30,0.03509,0.02451
0.146,30,0.03509,0.02451
0.147,30,0.03509,0.02451
0.148,30,0.03509,0.02451
0.149,30,0.03509,0.02451
0.15,30,0.03509,0.02451
0.151,30,0.03509,0.02451
0.152,30,0.03509,0.02451
0.153,30,0.03509,0.02451
0.154,30,0.03509,0.02451
0.155,30,0.03509,0.02451
0.156,30,0.03509,0.02451
0.157,30,0.03509,0.02451
0.158,30,0.03509,0.02451
0.159,30,0.03509,0.02451
0.16,30,0.03509,0.02451
0.161,30,0.03509,0.02451
0.162,30,0.03509,0.02451
0.163,30,0.03509,0.02451
0.164,30,0.03509,0.02451
0.165,30,0.03509,0.02451
0.166,30,0.03509,0.02451
0.167,30,0.03509,0.02451
0.168,30,0.03509,0.02451
0.169,30,0.03509,0.02451
0.17,30,0.03509,0.02451
0.171,30,0.03509,0.02451
0.17200000000000001,30,0.03509,0.02451
0.17300000000000001,30,0.03509,0.02451
0.17400000000000002,30,0.03509,0.02451
0.17500000000000002,30,0.03509,0.02451
0.17600000000000002,30,0.03509,0.02451
0.177,30,0.03509,0.02451
0.178,30,0.03509,0.02451
0.179,30,0.03509,0.02451
0.18,30,0.03509,0.02451
0.181,30,0.03509,0.02451
0.182,30,0.03509,0.02451
0.183,30,0.03509,0.02451
0.184,30,0.03509,0.02451
0.185,30,0.03509,0.02451
0.186,30,0.03509,0.02451
0.187,30,0.03509,0.02451
0.188,30,0.03509,0.02451
0.189,30,0.03509,0.02451
0.19,30,0.03509,0.02451
0.191,30,0.03509,0.02451
0.192,30,0.03509,0.02451
0.193,30,0.03509,0.02451
0.194,30,0.03509,0.02451
0.195,30,0.03509,0.02451
0.196,30,0.03509,0.02451
0.197,30,0.03509,0.02451
0.198,30,0.03509,0.02451
0.199,30,0.03509,0.02451
0.2,30,0.03509,0.02451
0.201,30,0.03509,0.02451
0.202,30,0.03509,0.02451
0.203,30,0.03509,0.02451
0.20400000000000001,30,0.03509,0.02451
0.20500000000000002,30,0.03509,0.02451
0.20600000000000002,30,0.03509,0.02451
0.20700000000000002,30,0.03509,0.02451
0.20800000000000002,30,0.03509,0.02451
0.20900000000000002,30,0.03509,0.02451
0.21,30,0.03509,0.02451
0.211,30,0.03509,0.02451
0.212,30,0.03509,0.02451
0.213,30,0.03509,0.02451
0.214,30,0.03509,0.02451
0.215,30,0.03509,0.02451
0.216,30,0.03509,0.02451
0.217,30,0.03509,0.02451
0.218,30,0.03509,0.02451
0.219,30,0.03509,0.02451
0.22,30,0.03509,0.02451
0.221,30,0.03509,0.02451
0.222,30,0.03509,0.02451
0.223,30,0.03509,0.02451
0.224,30,0.03509,0.02451
0.225,30,0.03509,0.02451
0.001,42,0.04264,0.0284
0.002,42,0.04264,0.0284
0.003,42,0.04264,0.0284
0.004,42,0.04264,0.0284
0.005,42,0.04264,0.0284
0.006,42,0.04264,0.0284
0.007,42,0.04264,0.0284
0.008,42,0.04264,0.0284
0.009000000000000001,42,0.04264,0.0284
0.010000000000000002,42,0.04264,0.0284
0.011,42,0.04264,0.0284
0.012,42,0.04264,0.0284
0.013000000000000001,42,0.04264,0.0284
0.014000000000000002,42,0.04264,0.0284
0.015,42,0.04264,0.0284
0.016,42,0.04264,0.0284
0.017,42,0.04264,0.0284
0.018000000000000002,42,0.04264,0.0284
0.019000000000000003,42,0.04264,0.0284
0.02,42,0.04264,0.0284
0.021,42,0.04264,0.0284
0.022000000000000002,42,0.04264,0.0284
0.023,42,0.04264,0.0284
0.024,42,0.04264,0.0284
0.025,42,0.04264,0.0284
0.026000000000000002,42,0.04264,0.0284
0.027000000000000003,42,0.04264,0.0284
0.028,42,0.04264,0.0284
0.029,42,0.04264,0.0284
0.030000000000000002,42,0.04264,0.0284
0.031,42,0.04264,0.0284
0.032,42,0.04264,0.0284
0.033,42,0.04264,0.0284
0.034,42,0.04264,0.0284
0.035,42,0.04264,0.0284
0.036000000000000004,42,0.04264,0.0284
0.037000000000000005,42,0.04264,0.0284
0.038,42,0.04264,0.0284
0.039,42,0.04264,0.0284
0.04,42,0.04264,0.0284
0.041,42,0.04264,0.0284
0.042,42,0.04264,0.0284
0.043000000000000003,42,0.04264,0.0284
0.044000000000000004,42,0.04264,0.0284
0.045,42,0.04264,0.0284
0.046,42,0.04264,0.0284
0.047,42,0.04264,0.0284
0.048,42,0.04264,0.0284
0.049,42,0.04264,0.0284
0.05,42,0.04264,0.0284
0.051000000000000004,42,0.04264,0.0284
0.052000000000000005,42,0.04264,0.0284
0.053000000000000005,42,0.04264,0.0284
0.054,42,0.04264,0.0284
0.055,42,0.04264,0.0284
0.056,42,0.04264,0.0284
0.057,42,0.04264,0.0284
0.058,42,0.04264,0.0284
0.059000000000000004,42,0.04264,0.0284
0.060000000000000005,42,0.04264,0.0284
0.061,42,0.04264,0.0284
0.062,42,0.04264,0.0284
0.063,42,0.04264,0.0284
0.064,42,0.04264,0.0284
0.065,42,0.04264,0.0284
0.066,42,0.04264,0.0284
0.067,42,0.04264,0.0284
0.068,42,0.04264,0.0284
0.069,42,0.04264,0.0284
0.07,42,0.04264,0.0284
0.07100000000000001,42,0.04264,0.0284
0.07200000000000001,42,0.04264,0.0284
0.07300000000000001,42,0.04264,0.0284
0.074,42,0.04264,0.0284
0.075,42,0.04264,0.0284
0.076,42,0.04264,0.0284
0.077,42,0.04264,0.0284
0.078,42,0.04264,0.0284
0.079,42,0.04264,0.0284
0.08,42,0.04264,0.0284
0.081,42,0.04264,0.0284
0.082,42,0.04264,0.0284
0.083,42,0.04264,0.0284
0.084,42,0.04264,0.0284
0.085,42,0.04264,0.0284
0.08600000000000001,42,0.04264,0.0284
0.08700000000000001,42,0.04264,0.0284
0.08800000000000001,42,0.04264,0.0284
0.089,42,0.04264,0.0284
0.09,42,0.04264,0.0284
0.091,42,0.04264,0.0284
0.092,42,0.04264,0.0284
0.093,42,0.04264,0.0284
0.094,42,0.04264,0.0284
0.095,42,0.04264,0.0284
0.096,42,0.04264,0.0284
0.097,42,0.04264,0.0284
0.098,42,0.04264,0.0284
0.099,42,0.04264,0.0284
0.1,42,0.04264,0.0284
0.101,42,0.04264,0.0284
0.10200000000000001,42,0.04264,0.0284
0.10300000000000001,42,0.04264,0.0284
0.10400000000000001,42,0.04264,0.0284
0.10500000000000001,42,0.04264,0.0284
0.106,42,0.04264,0.0284
0.107,42,0.04264,0.0284
0.108,42,0.04264,0.0284
0.109,42,0.04264,0.0284
0.11,42,0.04264,0.0284
0.111,42,0.04264,0.0284
0.112,42,0.04264,0.0284
0.113,42,0.04264,0.0284
0.114,42,0.04264,0.0284
0.115,42,0.04264,0.0284
0.116,42,0.04264,0.0284
0.117,42,0.04264,0.0284
0.11800000000000001,42,0.04264,0.0284
0.11900000000000001,42,0.04264,0.0284
0.12000000000000001,42,0.04264,0.0284
0.121,42,0.04264,0.0284
0.122,42,0.04264,0.0284
0.123,42,0.04264,0.0284
0.124,42,0.04264,0.0284
0.125,42,0.04264,0.0284
0.126,42,0.04264,0.0284
0.127,42,0.04264,0.0284
0.128,42,0.04264,0.0284
0.129,42,0.04264,0.0284
0.13,42,0.04264,0.0284
0.131,42,0.04264,0.0284
0.132,42,0.04264,0.0284
0.133,42,0.04264,0.0284
0.134,42,0.04264,0.0284
0.135,42,0.04264,0.0284
0.136,42,0.04264,0.0284
0.137,42,0.04264,0.0284
0.138,42,0.04264,0.0284
0.139,42,0.04264,0.0284
0.14,42,0.04264,0.0284
0.14100000000000001,42,0.04264,0.0284
0.14200000000000002,42,0.04264,0.0284
0.14300000000000002,42,0.04264,0.0284
0.14400000000000002,42,0.04264,0.0284
0.14500000000000002,42,0.04264,0.0284
0.146,42,0.04264,0.0284
0.147,42,0.04264,0.0284
0.148,42,0.04264,0.0284
0.149,42,0.04264,0.0284
0.15,42,0.04264,0.0284
0.151,42,0.04264,0.0284
0.152,42,0.04264,0.0284
0.153,42,0.04264,0.0284
0.154,42,0.04264,0.0284
0.155,42,0.04264,0.0284
0.156,42,0.04264,0.0284
0.157,42,0.04264,0.0284
0.158,42,0.04264,0.0284
0.159,42,0.04264,0.0284
0.16,42,0.04264,0.0284
0.161,42,0.04264,0.0284
0.162,42,0.04264,0.0284
0.163,42,0.04264,0.0284
0.164,42,0.04264,0.0284
0.165,42,0.04264,0.0284
0.166,42,0.04264,0.0284
0.167,42,0.04264,0.0284
0.168,42,0.04264,0.0284
0.169,42,0.04264,0.0284
0.17,42,0.04264,0.0284
0.171,42,0.04264,0.0284
0.17200000000000001,42,0.04264,0.0284
0.17300000000000001,42,0.04264,0.0284
0.17400000000000002,42,0.04264,0.0284
0.17500000000000002,42,0.04264,0.0284
0.17600000000000002,42,0.04264,0.0284
0.177,42,0.04264,0.0284
0.178,42,0.04264,0.0284
0.179,42,0.04264,0.0284
0.18,42,0.04264,0.0284
0.181,42,0.04264,0.0284
0.182,42,0.04264,0.0284
0.183,42,0.04264,0.0284
0.184,42,0.04264,0.0284
0.185,42,0.04264,0.0284
0.186,42,0.04264,0.0284
0.187,42,0.04264,0.0284
0.188,42,0.04264,0.0284
0.189,42,0.04264,0.0284
0.19,42,0.04264,0.0284
0.191,42,0.04264,0.0284
0.192,42,0.04264,0.0284
0.193,42,0.04264,0.0284
0.194,42,0.04264,0.0284
0.195,42,0.04264,0.0284
0.196,42,0.04264,0.0284
0.197,42,0.04264,0.0284
0.198,42,0.04264,0.0284
0.199,42,0.04264,0.0284
0.2,42,0.04264,0.0284
0.201,42,0.04264,0.0284
0.202,42,0.04264,0.0284
0.203,42,0.04264,0.0284
0.20400000000000001,42,0.04264,0.0284
0.20500000000000002,42,0.04264,0.0284
0.20600000000000002,42,0.04264,0.0284
0.20700000000000002,42,0.04264,0.0284
0.20800000000000002,42,0.04264,0.0284
0.20900000000000002,42,0.04264,0.0284
0.21,42,0.04264,0.0284
0.211,42,0.04264,0.0284
0.212,42,0.04264,0.0284
0.213,42,0.04264,0.0284
0.214,42,0.04264,0.0284
0.215,42,0.04264,0.0284
0.216,42,0.04264,0.0284
0.217,42,0.04264,0.0284
0.218,42,0.04264,0.0284
0.219,42,0.04264,0.0284
0.22,42,0.04264,0.0284
0.221,42,0.04264,0.0284
0.222,42,0.04264,0.0284
0.223,42,0.04264,0.0284
0.224,42,0.04264,0.0284
0.225,42,0.04264,0.0284
0.001,50,0.04662,0.03018
0.002,50,0.04662,0.03018
0.003,50,0.04662,0.03018
0.004,50,0.04662,0.03018
0.005,50,0.04662,0.03018
0.006,50,0.04662,0.03018
0.007,50,0.04662,0.03018
0.008,50,0.04662,0.03018
0.009000000000000001,50,0.04662,0.03018
0.010000000000000002,50,0.04662,0.03018
0.011,50,0.04662,0.03018
0.012,50,0.04662,0.03018
0.013000000000000001,50,0.04662,0.03018
0.014000000000000002,50,0.04662,0.03018
0.015,50,0.04662,0.03018
0.016,50,0.04662,0.03018
0.017,50,0.04662,0.03018
0.018000000000000002,50,0.04662,0.03018
0.019000000000000003,50,0.04662,0.03018
0.02,50,0.04662,0.03018
0.021,50,0.04662,0.03018
0.022000000000000002,50,0.04662,0.03018
0.023,50,0.04662,0.03018
0.024,50,0.04662,0.03018
0.025,50,0.04662,0.03018
0.026000000000000002,50,0.04662,0.03018
0.027000000000000003,50,0.04662,0.03018
0.028,50,0.04662,0.03018
0.029,50,0.04662,0.03018
0.030000000000000002,50,0.04662,0.03018
0.031,50,0.04662,0.03018
0.032,50,0.04662,0.03018
0.033,50,0.04662,0.03018
0.034,50,0.04662,0.03018
0.035,50,0.04662,0.03018
0.036000000000000004,50,0.04662,0.03018
0.037000000000000005,50,0.04662,0.03018
0.038,50,0.04662,0.03018
0.039,50,0.04662,0.03018
0.04,50,0.04662,0.03018
0.041,50,0.04662,0.03018
0.042,50,0.04662,0.03018
0.043000000000000003,50,0.04662,0.03018
0.044000000000000004,50,0.04662,0.03018
0.045,50,0.04662,0.03018
0.046,50,0.04662,0.03018
0.047,50,0.04662,0.03018
0.048,50,0.04662,0.03018
0.049,50,0.04662,0.03018
0.05,50,0.04662,0.03018
0.051000000000000004,50,0.04662,0.03018
0.052000000000000005,50,0.04662,0.03018
0.053000000000000005,50,0.04662,0.03018
0.054,50,0.04662,0.03018
0.055,50,0.04662,0.03018
0.056,50,0.04662,0.03018
0.057,50,0.04662,0.03018
0.058,50,0.04662,0.03018
0.059000000000000004,50,0.04662,0.03018
0.060000000000000005,50,0.04662,0.03018
0.061,50,0.04662,0.03018
0.062,50,0.04662,0.03018
0.063,50,0.04662,0.03018
0.064,50,0.04662,0.03018
0.065,50,0.04662,0.03018
0.066,50,0.04662,0.03018
0.067,50,0.04662,0.03018
0.068,50,0.04662,0.03018
0.069,50,0.04662,0.03018
0.07,50,0.04662,0.03018
0.07100000000000001,50,0.04662,0.03018
0.07200000000000001,50,0.04662,0.03018
0.07300000000000001,50,0.04662,0.03018
0.074,50,0.04662,0.03018
0.075,50,0.04662,0.03018
0.076,50,0.04662,0.03018
0.077,50,0.04662,0.03018
0.078,50,0.04662,0.03018
0.079,50,0.04662,0.03018
0.08,50,0.04662,0.03018
0.081,50,0.04662,0.03018
0.082,50,0.04662,0.03018
0.083,50,0.04662,0.03018
0.084,50,0.04662,0.03018
0.085,50,0.04662,0.03018
0.08600000000000001,50,0.04662,0.03018
0.08700000000000001,50,0.04662,0.03018
0.08800000000000001,50,0.04662,0.03018
0.089,50,0.04662,0.03018
0.09,50,0.04662,0.03018
0.091,50,0.04662,0.03018
0.092,50,0.04662,0.03018
0.093,50,0.04662,0.03018
0.094,50,0.04662,0.03018
0.095,50,0.04662,0.03018
0.096,50,0.04662,0.03018
0.097,50,0.04662,0.03018
0.098,50,0.04662,0.03018
0.099,50,0.04662,0.03018
0.1,50,0.04662,0.03018
0.101,50,0.04662,0.03018
0.10200000000000001,50,0.04662,0.03018
0.10300000000000001,50,0.04662,0.03018
0.10400000000000001,50,0.04662,0.03018
0.10500000000000001,50,0.04662,0.03018
0.106,50,0.04662,0.03018
0.107,50,0.04662,0.03018
0.108,50,0.04662,0.03018
0.109,50,0.04662,0.03018
0.11,50,0.04662,0.03018
0.111,50,0.04662,0.03018
0.112,50,0.04662,0.03018
0.113,50,0.04662,0.03018
0.114,50,0.04662,0.03018
0.115,50,0.04662,0.03018
0.116,50,0.04662,0.03018
0.117,50,0.04662,0.03018
0.11800000000000001,50,0.04662,0.03018
0.11900000000000001,50,0.04662,0.03018
0.12000000000000001,50,0.04662,0.03018
0.121,50,0.04662,0.03018
0.122,50,0.04662,0.03018
0.123,50,0.04662,0.03018
0.124,50,0.04662,0.03018
0.125,50,0.04662,0.03018
0.126,50,0.04662,0.03018
0.127,50,0.04662,0.03018
0.128,50,0.04662,0.03018
0.129,50,0.04662,0.03018
0.13,50,0.04662,0.03018
0.131,50,0.04662,0.03018
0.132,50,0.04662,0.03018
0.133,50,0.04662,0.03018
0.134,50,0.04662,0.03018
0.135,50,0.04662,0.03018
0.136,50,0.04662,0.03018
0.137,50,0.04662,0.03018
0.138,50,0.04662,0.03018
0.139,50,0.04662,0.03018
0.14,50,0.04662,0.03018
0.14100000000000001,50,0.04662,0.03018
0.14200000000000002,50,0.04662,0.03018
0.14300000000000002,50,0.04662,0.03018
0.14400000000000002,50,0.04662,0.03018
0.14500000000000002,50,0.04662,0.03018
0.146,50,0.04662,0.03018
0.147,50,0.04662,0.03018
0.148,50,0.04662,0.03018
0.149,50,0.04662,0.03018
0.15,50,0.04662,0.03018
0.151,50,0.04662,0.03018
0.152,50,0.04662,0.03018
0.153,50,0.04662,0.03018
0.154,50,0.04662,0.03018
0.155,50,0.04662,0.03018
0.156,50,0.04662,0.03018
0.157,50,0.04662,0.03018
0.158,50,0.04662,0.03018
0.159,50,0.04662,0.03018
0.16,50,0.04662,0.03018
0.161,50,0.04662,0.03018
0.162,50,0.04662,0.03018
0.163,50,0.04662,0.03018
0.164,50,0.04662,0.03018
0.165,50,0.04662,0.03018
0.166,50,0.04662,0.03018
0.167,50,0.04662,0.03018
0.168,50,0.04662,0.03018
0.169,50,0.04662,0.03018
0.17,50,0.04662,0.03018
0.171,50,0.04662,0.03018
0.17200000000000001,50,0.04662,0.03018
0.17300000000000001,50,0.04662,0.03018
0.17400000000000002,50,0.04662,0.03018
0.17500000000000002,50,0.04662,0.03018
0.17600000000000002,50,0.04662,0.03018
0.177,50,0.04662,0.03018
0.178,50,0.04662,0.03018
0.179,50,0.04662,0.03018
0.18,50,0.04662,0.03018
0.181,50,0.04662,0.03018
0.182,50,0.04662,0.03018
0.183,50,0.04662,0.03018
0.184,50,0.04662,0.03018
0.185,50,0.04662,0.03018
0.186,50,0.04662,0.03018
0.187,50,0.04662,0.03018
0.188,50,0.04662,0.03018
0.189,50,0.04662,0.03018
0.19,50,0.04662,0.03018
0.191,50,0.04662,0.03018
0.192,50,0.04662,0.03018
0.193,50,0.04662,0.03018
0.194,50,0.04662,0.03018
0.195,50,0.04662,0.03018
0.196,50,0.04662,0.03018
0.197,50,0.04662,0.03018
0.198,50,0.04662,0.03018
0.199,50,0.04662,0.03018
0.2,50,0.04662,0.03018
0.201,50,0.04662,0.03018
0.202,50,0.04662,0.03018
0.203,50,0.04662,0.03018
0.20400000000000001,50,0.04662,0.03018
0.20500000000000002,50,0.04662,0.03018
0.20600000000000002,50,0.04662,0.03018
0.20700000000000002,50,0.04662,0.03018
0.20800000000000002,50,0.04662,0.03018
0.20900000000000002,50,0.04662,0.03018
0.21,50,0.04662,0.03018
0.211,50,0.04662,0.03018
0.212,50,0.04662,0.03018
0.213,50,0.04662,0.03018
0.214,50,0.04662,0.03018
0.215,50,0.04662,0.03018
0.216,50,0.04662,0.03018
0.217,50,0.04662,0.03018
0.218,50,0.04662,0.03018
0.219,50,0.04662,0.03018
0.22,50,0.04662,0.03018
0.221,50,0.04662,0.03018
0.222,50,0.04662,0.03018
0.223,50,0.04662,0.03018
0.224,50,0.04662,0.03018
0.225,50,0.04662,0.03018
0.001,74,0.05893,0.03475
0.002,74,0.05893,0.03475
0.003,74,0.05893,0.03475
0.004,74,0.05893,0.03475
0.005,74,0.05893,0.03475
0.006,74,0.05893,0.03475
0.007,74,0.05893,0.03475
0.008,74,0.05893,0.03475
0.009000000000000001,74,0.05893,0.03475
0.010000000000000002,74,0.05893,0.03475
0.011,74,0.05893,0.03475
0.012,74,0.05893,0.03475
0.013000000000000001,74,0.05893,0.03475
0.014000000000000002,74,0.05893,0.03475
0.015,74,0.05893,0.03475
0.016,74,0.05893,0.03475
0.017,74,0.05893,0.03475
0.018000000000000002,74,0.05893,0.03475
0.019000000000000003,74,0.05893,0.03475
0.02,74,0.05893,0.03475
0.021,74,0.05893,0.03475
0.022000000000000002,74,0.05893,0.03475
0.023,74,0.05893,0.03475
0.024,74,0.05893,0.03475
0.025,74,0.05893,0.03475
0.026000000000000002,74,0.05893,0.03475
0.027000000000000003,74,0.05893,0.03475
0.028,74,0.05893,0.03475
0.029,74,0.05893,0.03475
0.030000000000000002,74,0.05893,0.03475
0.031,74,0.05893,0.03475
0.032,74,0.05893,0.03475
0.033,74,0.05893,0.03475
0.034,74,0.05893,0.03475
0.035,74,0.05893,0.03475
0.036000000000000004,74,0.05893,0.03475
0.037000000000000005,74,0.05893,0.03475
0.038,74,0.05893,0.03475
0.039,74,0.05893,0.03475
0.04,74,0.05893,0.03475
0.041,74,0.05893,0.03475
0.042,74,0.05893,0.03475
0.043000000000000003,74,0.05893,0.03475
0.044000000000000004,74,0.05893,0.03475
0.045,74,0.05893,0.03475
0.046,74,0.05893,0.03475
0.047,74,0.05893,0.03475
0.048,74,0.05893,0.03475
0.049,74,0.05893,0.03475
0.05,74,0.05893,0.03475
0.051000000000000004,74,0.05893,0.03475
0.052000000000000005,74,0.05893,0.03475
0.053000000000000005,74,0.05893,0.03475
0.054,74,0.05893,0.03475
0.055,74,0.05893,0.03475
0.056,74,0.05893,0.03475
0.057,74,0.05893,0.03475
0.058,74,0.05893,0.03475
0.059000000000000004,74,0.05893,0.03475
0.060000000000000005,74,0.05893,0.03475
0.061,74,0.05893,0.03475
0.062,74,0.05893,0.03475
0.063,74,0.05893,0.03475
0.064,74,0.05893,0.03475
0.065,74,0.05893,0.03475
0.066,74,0.05893,0.03475
0.067,74,0.05893,0.03475
0.068,74,0.05893,0.03475
0.069,74,0.05893,0.03475
0.07,74,0.05893,0.03475
0.07100000000000001,74,0.05893,0.03475
0.07200000000000001,74,0.05893,0.03475
0.07300000000000001,74,0.05893,0.03475
0.074,74,0.05893,0.03475
0.075,74,0.05893,0.03475
0.076,74,0.05893,0.03475
0.077,74,0.05893,0.03475
0.078,74,0.05893,0.03475
0.079,74,0.05893,0.03475
0.08,74,0.05893,0.03475
0.081,74,0.05893,0.03475
0.082,74,0.05893,0.03475
0.083,74,0.05893,0.03475
0.084,74,0.05893,0.03475
0.085,74,0.05893,0.03475
0.08600000000000001,74,0.05893,0.03475
0.08700000000000001,74,0.05893,0.03475
0.08800000000000001,74,0.05893,0.03475
0.089,74,0.05893,0.03475
0.09,74,0.05893,0.03475
0.091,74,0.05893,0.03475
0.092,74,0.05893,0.03475
0.093,74,0.05893,0.03475
0.094,74,0.05893,0.03475
0.095,74,0.05893,0.03475
0.096,74,0.05893,0.03475
0.097,74,0.05893,0.03475
0.098,74,0.05893,0.03475
0.099,74,0.05893,0.03475
0.1,74,0.05893,0.03475
0.101,74,0.05893,0.03475
0.10200000000000001,74,0.05893,0.03475
0.10300000000000001,74,0.05893,0.03475
0.10400000000000001,74,0.05893,0.03475
0.10500000000000001,74,0.05893,0.03475
0.106,74,0.05893,0.03475
0.107,74,0.05893,0.03475
0.108,74,0.05893,0.03475
0.109,74,0.05893,0.03475
0.11,74,0.05893,0.03475
0.111,74,0.05893,0.03475
0.112,74,0.05893,0.03475
0.113,74,0.05893,0.03475
0.114,74,0.05893,0.03475
0.115,74,0.05893,0.03475
0.116,74,0.05893,0.03475
0.117,74,0.05893,0.03475
0.11800000000000001,74,0.05893,0.03475
0.11900000000000001,74,0.05893,0.03475
0.12000000000000001,74,0.05893,0.03475
0.121,74,0.05893,0.03475
0.122,74,0.05893,0.03475
0.123,74,0.05893,0.03475
0.124,74,0.05893,0.03475
0.125,74,0.05893,0.03475
0.126,74,0.05893,0.03475
0.127,74,0.05893,0.03475
0.128,74,0.05893,0.03475
0.129,74,0.05893,0.03475
0.13,74,0.05893,0.03475
0.131,74,0.05893,0.03475
0.132,74,0.05893,0.03475
0.133,74,0.05893,0.03475
0.134,74,0.05893,0.03475
0.135,74,0.05893,0.03475
0.136,74,0.05893,0.03475
0.137,74,0.05893,0.03475
0.138,74,0.05893,0.03475
0.139,74,0.05893,0.03475
0.14,74,0.05893,0.03475
0.14100000000000001,74,0.05893,0.03475
0.14200000000000002,74,0.05893,0.03475
0.14300000000000002,74,0.05893,0.03475
0.14400000000000002,74,0.05893,0.03475
0.14500000000000002,74,0.05893,0.03475
0.146,74,0.05893,0.03475
0.147,74,0.05893,0.03475
0.148,74,0.05893,0.03475
0.149,74,0.05893,0.03475
0.15,74,0.05893,0.03475
0.151,74,0.05893,0.03475
0.152,74,0.05893,0.03475
0.153,74,0.05893,0.03475
0.154,74,0.05893,0.03475
0.155,74,0.05893,0.03475
0.156,74,0.05893,0.03475
0.157,74,0.05893,0.03475
0.158,74,0.05893,0.03475
0.159,74,0.05893,0.03475
0.16,74,0.05893,0.03475
0.161,74,0.05893,0.03475
0.162,74,0.05893,0.03475
0.163,74,0.05893,0.03475
0.164,74,0.05893,0.03475
0.165,74,0.05893,0.03475
0.166,74,0.05893,0.03475
0.167,74,0.05893,0.03475
0.168,74,0.05893,0.03475
0.169,74,0.05893,0.03475
0.17,74,0.05893,0.03475
0.171,74,0.05893,0.03475
0.17200000000000001,74,0.05893,0.03475
0.17300000000000001,74,0.05893,0.03475
0.17400000000000002,74,0.05893,0.03475
0.17500000000000002,74,0.05893,0.03475
0.17600000000000002,74,0.05893,0.03475
0.177,74,0.05893,0.03475
0.178,74,0.05893,0.03475
0.179,74,0.05893,0.03475
0.18,74,0.05893,0.03475
0.181,74,0.05893,0.03475
0.182,74,0.05893,0.03475
0.183,74,0.05893,0.03475
0.184,74,0.05893,0.03475
0.185,74,0.05893,0.03475
0.186,74,0.05893,0.03475
0.187,74,0.05893,0.03475
0.188,74,0.05893,0.03475
0.189,74,0.05893,0.03475
0.19,74,0.05893,0.03475
0.191,74,0.05893,0.03475
0.192,74,0.05893,0.03475
0.193,74,0.05893,0.03475
0.194,74,0.05893,0.03475
0.195,74,0.05893,0.03475
0.196,74,0.05893,0.03475
0.197,74,0.05893,0.03475
0.198,74,0.05893,0.03475
0.199,74,0.05893,0.03475
0.2,74,0.05893,0.03475
0.201,74,0.05893,0.03475
0.202,74,0.05893,0.03475
0.203,74,0.05893,0.03475
0.20400000000000001,74,0.05893,0.03475
0.20500000000000002,74,0.05893,0.03475
0.20600000000000002,74,0.05893,0.03475
0.20700000000000002,74,0.05893,0.03475
0.20800000000000002,74,0.05893,0.03475
0.20900000000000002,74,0.05893,0.03475
0.21,74,0.05893,0.03475
0.211,74,0.05893,0.03475
0.212,74,0.05893,0.03475
0.213,74,0.05893,0.03475
0.214,74,0.05893,0.03475
0.215,74,0.05893,0.03475
0.216,74,0.05893,0.03475
0.217,74,0.05893,0.03475
0.218,74,0.05893,0.03475
0.219,74,0.05893,0.03475
0.22,74,0.05893,0.03475
0.221,74,0.05893,0.03475
0.222,74,0.05893,0.03475
0.223,74,0.05893,0.03475
0.224,74,0.05893,0.03475
0.225,74,0.05893,0.03475
0.001,79,0.06136,0.03565
0.002,79,0.06136,0.03565
0.003,79,0.06136,0.03565
0.004,79,0.06136,0.03565
0.005,79,0.06136,0.03565
0.006,79,0.06136,0.03565
0.007,79,0.06136,0.03565
0.008,79,0.06136,0.03565
0.009000000000000001,79,0.06136,0.03565
0.010000000000000002,79,0.06136,0.03565
0.011,79,0.06136,0.03565
0.012,79,0.06136,0.03565
0.013000000000000001,79,0.06136,0.03565
0.014000000000000002,79,0.06136,0.03565
0.015,79,0.06136,0.03565
0.016,79,0.06136,0.03565
0.017,79,0.06136,0.03565
0.018000000000000002,79,0.06136,0.03565
0.019000000000000003,79,0.06136,0.03565
0.02,79,0.06136,0.03565
0.021,79,0.06136,0.03565
0.022000000000000002,79,0.06136,0.03565
0.023,79,0.06136,0.03565
0.024,79,0.06136,0.03565
0.025,79,0.06136,0.03565
0.026000000000000002,79,0.06136,0.03565
0.027000000000000003,79,0.06136,0.03565
0.028,79,0.06136,0.03565
0.029,79,0.06136,0.03565
0.030000000000000002,79,0.06136,0.03565
0.031,79,0.06136,0.03565
0.032,79,0.06136,0.03565
0.033,79,0.06136,0.03565
0.034,79,0.06136,0.03565
0.035,79,0.06136,0.03565
0.036000000000000004,79,0.06136,0.03565
0.037000000000000005,79,0.06136,0.03565
0.038,79,0.06136,0.03565
0.039,79,0.06136,0.03565
0.04,79,0.06136,0.03565
0.041,79,0.06136,0.03565
0.042,79,0.06136,0.03565
0.043000000000000003,79,0.06136,0.03565
0.044000000000000004,79,0.06136,0.03565
0.045,79,0.06136,0.03565
0.046,79,0.06136,0.03565
0.047,79,0.06136,0.03565
0.048,79,0.06136,0.03565
0.049,79,0.06136,0.03565
0.05,79,0.06136,0.03565
0.051000000000000004,79,0.06136,0.03565
0.052000000000000005,79,0.06136,0.03565
0.053000000000000005,79,0.06136,0.03565
0.054,79,0.06136,0.03565
0.055,79,0.06136,0.03565
0.056,79,0.06136,0.03565
0.057,79,0.06136,0.03565
0.058,79,0.06136,0.03565
0.059000000000000004,79,0.06136,0.03565
0.060000000000000005,79,0.06136,0.03565
0.061,79,0.06136,0.03565
0.062,79,0.06136,0.03565
0.063,79,0.06136,0.03565
0.064,79,0.06136,0.03565
0.065,79,0.06136,0.03565
0.066,79,0.06136,0.03565
0.067,79,0.06136,0.03565
0.068,79,0.06136,0.03565
0.069,79,0.06136,0.03565
0.07,79,0.06136,0.03565
0.07100000000000001,79,0.06136,0.03565
0.07200000000000001,79,0.06136,0.03565
0.07300000000000001,79,0.06136,0.03565
0.074,79,0.06136,0.03565
0.075,79,0.06136,0.03565
0.076,79,0.06136,0.03565
0.077,79,0.06136,0.03565
0.078,79,0.06136,0.03565
0.079,79,0.06136,0.03565
0.08,79,0.06136,0.03565
0.081,79,0.06136,0.03565
0.082,79,0.06136,0.03565
0.083,79,0.06136,0.03565
0.084,79,0.06136,0.03565
0.085,79,0.06136,0.03565
0.08600000000000001,79,0.06136,0.03565
0.08700000000000001,79,0.06136,0.03565
0.08800000000000001,79,0.06136,0.03565
0.089,79,0.06136,0.03565
0.09,79,0.06136,0.03565
0.091,79,0.06136,0.03565
0.092,79,0.06136,0.03565
0.093,79,0.06136,0.03565
0.094,79,0.06136,0.03565
0.095,79,0.06136,0.03565
0.096,79,0.06136,0.03565
0.097,79,0.06136,0.03565
0.098,79,0.06136,0.03565
0.099,79,0.06136,0.03565
0.1,79,0.06136,0.03565
0.101,79,0.06136,0.03565
0.10200000000000001,79,0.06136,0.03565
0.10300000000000001,79,0.06136,0.03565
0.10400000000000001,79,0.06136,0.03565
0.10500000000000001,79,0.06136,0.03565
0.106,79,0.06136,0.03565
0.107,79,0.06136,0.03565
0.108,79,0.06136,0.03565
0.109,79,0.06136,0.03565
0.11,79,0.06136,0.03565
0.111,79,0.06136,0.03565
0.112,79,0.06136,0.03565
0.113,79,0.06136,0.03565
0.114,79,0.06136,0.03565
0.115,79,0.06136,0.03565
0.116,79,0.06136,0.03565
0.117,79,0.06136,0.03565
0.11800000000000001,79,0.06136,0.03565
0.11900000000000001,79,0.06136,0.03565
0.12000000000000001,79,0.06136,0.03565
0.121,79,0.06136,0.03565
0.122,79,0.06136,0.03565
0.123,79,0.06136,0.03565
0.124,79,0.06136,0.03565
0.125,79,0.06136,0.03565
0.126,79,0.06136,0.03565
0.127,79,0.06136,0.03565
0.128,79,0.06136,0.03565
0.129,79,0.06136,0.03565
0.13,79,0.06136,0.03565
0.131,79,0.06136,0.03565
0.132,79,0.06136,0.03565
0.133,79,0.06136,0.03565
0.134,79,0.06136,0.03565
0.135,79,0.06136,0.03565
0.136,79,0.06136,0.03565
0.137,79,0.06136,0.03565
0.138,79,0.06136,0.03565
0.139,79,0.06136,0.03565
0.14,79,0.06136,0.03565
0.14100000000000001,79,0.06136,0.03565
0.14200000000000002,79,0.06136,0.03565
0.14300000000000002,79,0.06136,0.03565
0.14400000000000002,79,0.06136,0.03565
0.14500000000000002,79,0.06136,0.03565
0.146,79,0.06136,0.03565
0.147,79,0.06136,0.03565
0.148,79,0.06136,0.03565
0.149,79,0.06136,0.03565
0.15,79,0.06136,0.03565
0.151,79,0.06136,0.03565
0.152,79,0.06136,0.03565
0.153,79,0.06136,0.03565
0.154,79,0.06136,0.03565
0.155,79,0.06136,0.03565
0.156,79,0.06136,0.03565
0.157,79,0.06136,0.03565
0.158,79,0.06136,0.03565
0.159,79,0.06136,0.03565
0.16,79,0.06136,0.03565
0.161,79,0.06136,0.03565
0.162,79,0.06136,0.03565
0.163,79,0.06136,0.03565
0.164,79,0.06136,0.03565
0.165,79,0.06136,0.03565
0.166,79,0.06136,0.03565
0.167,79,0.06136,0.03565
0.168,79,0.06136,0.03565
0.169,79,0.06136,0.03565
0.17,79,0.06136,0.03565
0.171,79,0.06136,0.03565
0.17200000000000001,79,0.06136,0.03565
0.17300000000000001,79,0.06136,0.03565
0.17400000000000002,79,0.06136,0.03565
0.17500000000000002,79,0.06136,0.03565
0.17600000000000002,79,0.06136,0.03565
0.177,79,0.06136,0.03565
0.178,79,0.06136,0.03565
0.179,79,0.06136,0.03565
0.18,79,0.06136,0.03565
0.181,79,0.06136,0.03565
0.182,79,0.06136,0.03565
0.183,79,0.06136,0.03565
0.184,79,0.06136,0.03565
0.185,79,0.06136,0.03565
0.186,79,0.06136,0.03565
0.187,79,0.06136,0.03565
0.188,79,0.06136,0.03565
0.189,79,0.06136,0.03565
0.19,79,0.06136,0.03565
0.191,79,0.06136,0.03565
0.192,79,0.06136,0.03565
0.193,79,0.06136,0.03565
0.194,79,0.06136,0.03565
0.195,79,0.06136,0.03565
0.196,79,0.06136,0.03565
0.197,79,0.06136,0.03565
0.198,79,0.06136,0.03565
0.199,79,0.06136,0.03565
0.2,79,0.06136,0.03565
0.201,79,0.06136,0.03565
0.202,79,0.06136,0.03565
0.203,79,0.06136,0.03565
0.20400000000000001,79,0.06136,0.03565
0.20500000000000002,79,0.06136,0.03565
0.20600000000000002,79,0.06136,0.03565
0.20700000000000002,79,0.06136,0.03565
0.20800000000000002,79,0.06136,0.03565
0.20900000000000002,79,0.06136,0.03565
0.21,79,0.06136,0.03565
0.211,79,0.06136,0.03565
0.212,79,0.06136,0.03565
0.213,79,0.06136,0.03565
0.214,79,0.06136,0.03565
0.215,79,0.06136,0.03565
0.216,79,0.06136,0.03565
0.217,79,0.06136,0.03565
0.218,79,0.06136,0.03565
0.219,79,0.06136,0.03565
0.22,79,0.06136,0.03565
0.221,79,0.06136,0.03565
0.222,79,0.06136,0.03565
0.223,79,0.06136,0.03565
0.224,79,0.06136,0.03565
0.225,79,0.06136,0.03565
0.001,82,0.06206,0.03595
0.002,82,0.06206,0.03595
0.003,82,0.06206,0.03595
0.004,82,0.06206,0.03595
0.005,82,0.06206,0.03595
0.006,82,0.06206,0.03595
0.007,82,0.06206,0.03595
0.008,82,0.06206,0.03595
0.009000000000000001,82,0.06206,0.03595
0.010000000000000002,82,0.06206,0.03595
0.011,82,0.06206,0.03595
0.012,82,0.06206,0.03595
0.013000000000000001,82,0.06206,0.03595
0.014000000000000002,82,0.06206,0.03595
0.015,82,0.06206,0.03595
0.016,82,0.06206,0.03595
0.017,82,0.06206,0.03595
0.018000000000000002,82,0.06206,0.03595
0.019000000000000003,82,0.06206,0.03595
0.02,82,0.06206,0.03595
0.021,82,0.06206,0.03595
0.022000000000000002,82,0.06206,0.03595
0.023,82,0.06206,0.03595
0.024,82,0.06206,0.03595
0.025,82,0.06206,0.03595
0.026000000000000002,82,0.06206,0.03595
0.027000000000000003,82,0.06206,0.03595
0.028,82,0.06206,0.03595
0.029,82,0.06206,0.03595
0.030000000000000002,82,0.06206,0.03595
0.031,82,0.06206,0.03595
0.032,82,0.06206,0.03595
0.033,82,0.06206,0.03595
0.034,82,0.06206,0.03595
0.035,82,0.06206,0.03595
0.036000000000000004,82,0.06206,0.03595
0.037000000000000005,82,0.06206,0.03595
0.038,82,0.06206,0.03595
0.039,82,0.06206,0.03595
0.04,82,0.06206,0.03595
0.041,82,0.06206,0.03595
0.042,82,0.06206,0.03595
0.043000000000000003,82,0.06206,0.03595
0.044000000000000004,82,0.06206,0.03595
0.045,82,0.06206,0.03595
0.046,82,0.06206,0.03595
0.047,82,0.06206,0.03595
0.048,82,0.06206,0.03595
0.049,82,0.06206,0.03595
0.05,82,0.06206,0.03595
0.051000000000000004,82,0.06206,0.03595
0.052000000000000005,82,0.06206,0.03595
0.053000000000000005,82,0.06206,0.03595
0.054,82,0.06206,0.03595
0.055,82,0.06206,0.03595
0.056,82,0.06206,0.03595
0.057,82,0.06206,0.03595
0.058,82,0.06206,0.03595
0.059000000000000004,82,0.06206,0.03595
0.060000000000000005,82,0.06206,0.03595
0.061,82,0.06206,0.03595
0.062,82,0.06206,0.03595
0.063,82,0.06206,0.03595
0.064,82,0.06206,0.03595
0.065,82,0.06206,0.03595
0.066,82,0.06206,0.03595
0.067,82,0.06206,0.03595
0.068,82,0.06206,0.03595
0.069,82,0.06206,0.03595
0.07,82,0.06206,0.03595
0.07100000000000001,82,0.06206,0.03595
0.07200000000000001,82,0.06206,0.03595
0.07300000000000001,82,0.06206,0.03595
0.074,82,0.06206,0.03595
0.075,82,0.06206,0.03595
0.076,82,0.06206,0.03595
0.077,82,0.06206,0.03595
0.078,82,0.06206,0.03595
0.079,82,0.06206,0.03595
0.08,82,0.06206,0.03595
0.081,82,0.06206,0.03595
0.082,82,0.06206,0.03595
0.083,82,0.06206,0.03595
0.084,82,0.06206,0.03595
0.085,82,0.06206,0.03595
0.08600000000000001,82,0.06206,0.03595
0.08700000000000001,82,0.06206,0.03595
0.08800000000000001,82,0.06206,0.03595
0.089,82,0.06206,0.03595
0.09,82,0.06206,0.03595
0.091,82,0.06206,0.03595
0.092,82,0.06206,0.03595
0.093,82,0.06206,0.03595
0.094,82,0.06206,0.03595
0.095,82,0.06206,0.03595
0.096,82,0.06206,0.03595
0.097,82,0.06206,0.03595
0.098,82,0.06206,0.03595
0.099,82,0.06206,0.03595
0.1,82,0.06206,0.03595
0.101,82,0.06206,0.03595
0.10200000000000001,82,0.06206,0.03595
0.10300000000000001,82,0.06206,0.03595
0.10400000000000001,82,0.06206,0.03595
0.10500000000000001,82,0.06206,0.03595
0.106,82,0.06206,0.03595
0.107,82,0.06206,0.03595
0.108,82,0.06206,0.03595
0.109,82,0.06206,0.03595
0.11,82,0.06206,0.03595
0.111,82,0.06206,0.03595
0.112,82,0.06206,0.03595
0.113,82,0.06206,0.03595
0.114,82,0.06206,0.03595
0.115,82,0.06206,0.03595
0.116,82,0.06206,0.03595
0.117,82,0.06206,0.03595
0.11800000000000001,82,0.06206,0.03595
0.11900000000000001,82,0.06206,0.03595
0.12000000000000001,82,0.06206,0.03595
0.121,82,0.06206,0.03595
0.122,82,0.06206,0.03595
0.123,82,0.06206,0.03595
0.124,82,0.06206,0.03595
0.125,82,0.06206,0.03595
0.126,82,0.06206,0.03595
0.127,82,0.06206,0.03595
0.128,82,0.06206,0.03595
0.129,82,0.06206,0.03595
0.13,82,0.06206,0.03595
0.131,82,0.06206,0.03595
0.132,82,0.06206,0.03595
0.133,82,0.06206,0.03595
0.134,82,0.06206,0.03595
0.135,82,0.06206,0.03595
0.136,82,0.06206,0.03595
0.137,82,0.06206,0.03595
0.138,82,0.06206,0.03595
0.139,82,0.06206,0.03595
0.14,82,0.06206,0.03595
0.14100000000000001,82,0.06206,0.03595
0.14200000000000002,82,0.06206,0.03595
0.14300000000000002,82,0.06206,0.03595
0.14400000000000002,82,0.06206,0.03595
0.14500000000000002,82,0.06206,0.03595
0.146,82,0.06206,0.03595
0.147,82,0.06206,0.03595
0.148,82,0.06206,0.03595
0.149,82,0.06206,0.03595
0.15,82,0.06206,0.03595
0.151,82,0.06206,0.03595
0.152,82,0.06206,0.03595
0.153,82,0.06206,0.03595
0.154,82,0.06206,0.03595
0.155,82,0.06206,0.03595
0.156,82,0.06206,0.03595
0.157,82,0.06206,0.03595
0.158,82,0.06206,0.03595
0.159,82,0.06206,0.03595
0.16,82,0.06206,0.03595
0.161,82,0.06206,0.03595
0.162,82,0.06206,0.03595
0.163,82,0.06206,0.03595
0.164,82,0.06206,0.03595
0.165,82,0.06206,0.03595
0.166,82,0.06206,0.03595
0.167,82,0.06206,0.03595
0.168,82,0.06206,0.03595
0.169,82,0.06206,0.03595
0.17,82,0.06206,0.03595
0.171,82,0.06206,0.03595
0.17200000000000001,82,0.06206,0.03595
0.17300000000000001,82,0.06206,0.03595
0.17400000000000002,82,0.06206,0.03595
0.17500000000000002,82,0.06206,0.03595
0.17600000000000002,82,0.06206,0.03595
0.177,82,0.06206,0.03595
0.178,82,0.06206,0.03595
0.179,82,0.06206,0.03595
0.18,82,0.06206,0.03595
0.181,82,0.06206,0.03595
0.182,82,0.06206,0.03595
0.183,82,0.06206,0.03595
0.184,82,0.06206,0.03595
0.185,82,0.06206,0.03595
0.186,82,0.06206,0.03595
0.187,82,0.06206,0.03595
0.188,82,0.06206,0.03595
0.189,82,0.06206,0.03595
0.19,82,0.06206,0.03595
0.191,82,0.06206,0.03595
0.192,82,0.06206,0.03595
0.193,82,0.06206,0.03595
0.194,82,0.06206,0.03595
0.195,82,0.06206,0.03595
0.196,82,0.06206,0.03595
0.197,82,0.06206,0.03595
0.198,82,0.06206,0.03595
0.199,82,0.06206,0.03595
0.2,82,0.06206,0.03595
0.201,82,0.06206,0.03595
0.202,82,0.06206,0.03595
0.203,82,0.06206,0.03595
0.20400000000000001,82,0.06206,0.03595
0.20500000000000002,82,0.06206,0.03595
0.20600000000000002,82,0.06206,0.03595
0.20700000000000002,82,0.06206,0.03595
0.20800000000000002,82,0.06206,0.03595
0.20900000000000002,82,0.06206,0.03595
0.21,82,0.06206,0.03595
0.211,82,0.06206,0.03595
0.212,82,0.06206,0.03595
0.213,82,0.06206,0.03595
0.214,82,0.06206,0.03595
0.215,82,0.06206,0.03595
0.216,82,0.06206,0.03595
0.217,82,0.06206,0.03595
0.218,82,0.06206,0.03595
0.219,82,0.06206,0.03595
0.22,82,0.06206,0.03595
0.221,82,0.06206,0.03595
0.222,82,0.06206,0.03595
0.223,82,0.06206,0.03595
0.224,82,0.06206,0.03595
0.225,82,0.06206,0.03595
